"d","G","ell","field","ind"
"3","3.A_{6}","0,2","z3, b5","0"
"3","3.A_{6}","5","z3","0"
"3","3.A_{7}","5","z3, b7","0"
"3","{\rm PSL}_{2}(7)","!7","Not implemented","0"
"4","A_{6}","2","","-1"
"4","2.A_{6}","0,5","","-1"
"4","A_{7}","2","b7","0"
"4","2.A_{7}","7","","-1"
"4","2.A_{7}","! 2,7","b7","0"
"4","4_2.{\rm PSL}_{3}(4)","3","i1, r7","0"
"4","2.{\rm PSU}_{4}(2)","0,5","z3","0"
"4","2.{\rm PSL}_{2}(7)","!7, 2","Not implemented","0"
"5","A_{6}","0,5","","1"
"5","A_{7}","7","","1"
"5","{\rm PSU}_{4}(2)","0,5","z3","0"
"5","{\rm M}_{11}","3","i2, b11","0"
"5","{\rm PSL}_{2}(11)","!11","Not implemented","0"
"6","3.A_{6}","0,5","z3","0"
"6","6.A_{6}","0,5","z3, r2","0"
"6","A_{7}","! 7","","1"
"6","2.A_{7}","3","r2","-1"
"6","3.A_{7}","! 3","z3","0"
"6","6.A_{7}","! 2,3","z3, r2","0"
"6","2.{\rm PSL}_{3}(4)","3","","1"
"6","6.{\rm PSL}_{3}(4)","! 2,3","z3","0"
"6","{\rm PSU}_{3}(3)","! 3","","-1"
"6","{\rm PSU}_{4}(2)","0,5","","1"
"6","3_1.{\rm PSU}_{4}(3)","2","z3","0"
"6","6_1.{\rm PSU}_{4}(3)","! 2,3","z3","0"
"6","2.{\rm M}_{12}","3","i2, i5, b11","0"
"6","3.{\rm M}_{22}","2","z3, b11","0"
"6","{\rm J}_2","2","b5","-1"
"6","2.{\rm J}_2","5","","-1"
"6","2.{\rm J}_2","! 2,5","b5","-1"
"6","{\rm PSL}_{2}(7)","!7","Not implemented","1"
"6","2.{\rm PSL}_{2}(7)","!2, 7","Not implemented","-1"
"6","2.{\rm PSL}_{2}(11)","!11, 2","Not implemented","0"
"6","{\rm PSL}_{2}(13)","2","Not implemented","-1"
"6","2.{\rm PSL}_{2}(13)","!2, 13","Not implemented","-1"
"7","A_{8}","! 2","","1"
"7","A_{9}","3","","1"
"7","{\rm PSU}_{3}(3)","0,7","","1"
"7","{\rm PSU}_{3}(3)","0,7","i1","0"
"7","{\rm PSp}_{6}(2)","! 2","","1"
"7","{\rm J}_1","11","b5, c19","1"
"7","{\rm PSL}_{2}(8)","!2","Not implemented","1"
"7","{\rm PSL}_{2}(7)","!2, 7","Not implemented","1"
"7","{\rm PSL}_{2}(13)","!2, 13","Not implemented","1"
"8","A_{6}","0,2","b5","1"
"8","A_{6}","5","","1"
"8","2.A_{6}","0","b5","-1"
"8","A_{7}","5","","1"
"8","2.A_{8}","! 2","","1"
"8","A_{9}","! 3","","1"
"8","2.A_{9}","! 2","","1"
"8","A_{10}","2","","-1"
"8","A_{10}","5","","1"
"8","2.A_{10}","5","r6, r21","1"
"8","4_1.{\rm PSL}_{3}(4)","5","i1","0"
"8","4_1.{\rm PSL}_{3}(4)","! 2,5","i1, b5","0"
"8","2.{\rm PSp}_{6}(2)","! 2","","1"
"8","2.{\rm O}_{8}^+(2)","! 2","","1"
"8","2.Sz(8)","5","c13","1"
"8","{\rm PSL}_{2}(8)","!3, 2","Not implemented","1"
"8","{\rm PSL}_{2}(7)","!3, 7","Not implemented","1"
"8","2.{\rm PSL}_{2}(7)","!3, 7, 2","Not implemented","-1"
"8","{\rm PSL}_{2}(17)","2","Not implemented","-1"
"8","2.{\rm PSL}_{2}(17)","!2, 17","Not implemented","-1"
"9","A_{6}","0","","1"
"9","3.A_{6}","0, 2","z3","0"
"9","3.A_{7}","7","z3","0"
"9","A_{10}","! 2,5","","1"
"9","A_{11}","11","","1"
"9","{\rm M}_{11}","11","","1"
"9","3.{\rm J}_3","2","z3, b17, b19","0"
"9","{\rm PSL}_{2}(8)","!7, 2","Not implemented","1"
"9","{\rm PSL}_{2}(17)","!2, 17","Not implemented","1"
"9","{\rm PSL}_{2}(19)","!19","Not implemented","0"
"10","A_{6}","0,5","","1"
"10","2.A_{6}","0,5","r2","-1"
"10","A_{7}","7","","1"
"10","A_{7}","! 2,7","b7","0"
"10","A_{11}","! 11","","1"
"10","A_{12}","2,3","","1"
"10","2.{\rm PSL}_{3}(4)","7","","1"
"10","2.{\rm PSL}_{3}(4)","! 2,7","b7","0"
"10","{\rm PSU}_{4}(2)","0,5","z3","0"
"10","{\rm PSU}_{5}(2)","! 2","","-1"
"10","{\rm M}_{11}","! 11","","1"
"10","{\rm M}_{11}","! 2","i2","0"
"10","{\rm M}_{12}","2, 3","","1"
"10","2.{\rm M}_{12}","! 2","i2","0"
"10","{\rm M}_{22}","2","b7","0"
"10","2.{\rm M}_{22}","7","","1"
"10","2.{\rm M}_{22}","! 2,7","b7","0"
"10","{\rm PSL}_{2}(11)","!11","Not implemented","1"
"10","2.{\rm PSL}_{2}(11)","!2, 11","Not implemented","-1"
"10","2.{\rm PSL}_{2}(19)","!19, 2","Not implemented","0"
"11","A_{12}","! 2,3","","1"
"11","A_{13}","13","","1"
"11","{\rm PSL}_{3}(3)","13","","1"
"11","{\rm PSU}_{5}(2)","! 2,3","z3","0"
"11","{\rm M}_{11}","! 2,3","","1"
"11","{\rm M}_{12}","! 2,3","","1"
"11","{\rm M}_{23}","2","b7, i15, b23","0"
"11","{\rm M}_{24}","2","b7, i15, b23","0"
"11","{\rm PSL}_{2}(11)","!2, 3, 11","Not implemented","1"
"11","{\rm PSL}_{2}(23)","!23","Not implemented","0"
"12","6.A_{6}","0","z3, b5","0"
"12","6.A_{7}","5","z3, b7","0"
"12","A_{13}","! 13","","1"
"12","{\rm PSL}_{3}(3)","0,2","","1"
"12","12_2.{\rm PSL}_{3}(4)","7","z12, b5","0"
"12","{\rm PSU}_{3}(4)","! 2","","-1"
"12","{\rm PSp}_{4}(5)","2","b5","-1"
"12","2.{\rm PSp}_{4}(5)","! 2,5","b5","-1"
"12","2.G_{2}(4)","! 2","","-1"
"12","2.{\rm M}_{12}","! 2,3","","1"
"12","2.{\rm Suz}","3","","-1"
"12","3.{\rm Suz}","2","z3","0"
"12","6.{\rm Suz}","! 2,3","z3","0"
"12","A_{14}","2, 7","","1"
"12","{\rm PSL}_{2}(25)","2","Not implemented","-1"
"12","2.{\rm PSL}_{2}(25)","!2, 5","Not implemented","-1"
"12","{\rm PSL}_{2}(11)","!5, 11","Not implemented","1"
"12","2.{\rm PSL}_{2}(11)","!5, 11, 2","Not implemented","-1"
"12","{\rm PSL}_{2}(13)","!13","Not implemented","1"
"12","2.{\rm PSL}_{2}(13)","!7, 13","Not implemented","-1"
"12","2.{\rm PSL}_{2}(23)","!23, 2","Not implemented","0"
"13","A_{7}","3,5","","1"
"13","A_{8}","3,5","","1"
"13","{\rm PSL}_{3}(3)","0,13","","1"
"13","{\rm PSU}_{3}(4)","! 2,5","z5","-1"
"13","{\rm PSp}_{4}(5)","! 2,5","b5","1"
"13","{\rm PSp}_{6}(3)","! 3","z3","0"
"13","{\rm J}_2","3","b5","1"
"13","A_{14}","!2, 7","","1"
"13","A_{15}","3, 5","","1"
"13","{\rm PSL}_{2}(27)","!3","Not implemented","0"
"13","{\rm PSL}_{2}(25)","!2, 5","Not implemented","1"
"13","{\rm PSL}_{2}(13)","!2, 7, 13","Not implemented","1"
"14","A_{7}","! 3,5","","1"
"14","2.A_{7}","! 2,3","r2","-1"
"14","A_{8}","0,7","","1"
"14","{\rm PSU}_{3}(3)","! 3","","1"
"14","{\rm PSp}_{6}(2)","3","","1"
"14","2.{\rm PSp}_{6}(3)","! 2,3","z3","0"
"14","Sz(8)","! 2","i1","0"
"14","G_{2}(3)","! 3","","1"
"14","{\rm J}_1","11","b5, c19","1"
"14","{\rm J}_2","5","","1"
"14","{\rm J}_2","! 3,5","b5","1"
"14","2.{\rm J}_2","! 2","","-1"
"14","A_{15}","!3, 5","","1"
"14","A_{16}","2","","1"
"14","2.{\rm PSL}_{2}(27)","!3, 2","Not implemented","0"
"14","{\rm PSL}_{2}(13)","!3, 13","Not implemented","1"
"14","2.{\rm PSL}_{2}(13)","!2, 13","Not implemented","-1"
"14","{\rm PSL}_{2}(29)","2","Not implemented","-1"
"14","2.{\rm PSL}_{2}(29)","!2, 29","Not implemented","-1"
"15","3.A_{6}","0,5","z3","0"
"15","A_{7}","! 2,7","","1"
"15","3.A_{7}","! 3","z3","0"
"15","{\rm PSL}_{3}(4)","3","","1"
"15","3.{\rm PSL}_{3}(4)","! 2,3","z3","0"
"15","{\rm PSU}_{4}(2)","0,5","","1"
"15","3_1.{\rm PSU}_{4}(3)","! 3","z3","0"
"15","{\rm PSp}_{6}(2)","! 2,3","","1"
"15","{\rm M}_{12}","3","b11","0"
"15","3.{\rm M}_{22}","2","z3, b11","0"
"15","A_{16}","!2","","1"
"15","A_{17}","17","","1"
"15","{\rm PSL}_{2}(16)","!2","Not implemented","1"
"15","{\rm PSL}_{2}(29)","!2, 29","Not implemented","1"
"15","{\rm PSL}_{2}(31)","!31","Not implemented","0"
"16","2.A_{7}","7","","-1"
"16","2.A_{8}","7","","-1"
"16","A_{10}","2","","1"
"16","2.A_{10}","! 2,5","","1"
"16","A_{11}","2","b11","0"
"16","2.A_{11}","11","","1"
"16","2.A_{11}","! 2,11","b11","0"
"16","A_{12}","2","z3","0"
"16","2.A_{12}","3","i2, i5, r7, b11","0"
"16","{\rm PSL}_{3}(3)","0,2","d13","0"
"16","{\rm PSL}_{3}(3)","13","","1"
"16","4_2.{\rm PSL}_{3}(4)","3","i1, r7","0"
"16","2.Sz(8)","13","y7","1"
"16","{\rm M}_{11}","11","","1"
"16","{\rm M}_{11}","! 3,11","b11","-1"
"16","{\rm M}_{12}","11","","1"
"16","{\rm M}_{12}","! 3,11","b11","0"
"16","4.{\rm M}_{22}","7","i1, r11","0"
"16","A_{17}","!17","","1"
"16","A_{18}","2, 3","","1"
"16","{\rm PSL}_{2}(16)","!17, 2","Not implemented","1"
"16","{\rm PSL}_{2}(17)","!17","Not implemented","1"
"16","2.{\rm PSL}_{2}(17)","!3, 17","Not implemented","-1"
"16","2.{\rm PSL}_{2}(31)","!31, 2","Not implemented","0"
"17","A_{18}","!2, 3","","1"
"17","A_{19}","19","","1"
"17","{\rm PSL}_{2}(16)","!2","Not implemented","1"
"17","{\rm PSL}_{2}(17)","!2, 3, 17","Not implemented","1"
"18","3.A_{7}","5","z3, b7","0"
"18","{\rm PSp}_{4}(4)","! 2","","1"
"18","{\rm J}_3","3","b5","1"
"18","3.{\rm J}_3","5","z3","0"
"18","3.{\rm J}_3","! 3,5","z3, b5","0"
"18","A_{19}","!19","","1"
"18","A_{20}","2, 5","","1"
"18","{\rm PSL}_{2}(17)","!2, 17","Not implemented","1"
"18","2.{\rm PSL}_{2}(17)","!2, 17","Not implemented","-1"
"18","{\rm PSL}_{2}(19)","!19","Not implemented","1"
"18","2.{\rm PSL}_{2}(19)","!2, 19","Not implemented","-1"
"18","{\rm PSL}_{2}(37)","2","Not implemented","-1"
"18","2.{\rm PSL}_{2}(37)","!2, 37","Not implemented","-1"
"19","A_{8}","7","","1"
"19","A_{9}","7","","1"
"19","{\rm PSL}_{3}(4)","3, 7","","1"
"19","A_{20}","!2, 5","","1"
"19","A_{21}","3, 7","","1"
"19","{\rm PSL}_{2}(19)","!2, 5, 19","Not implemented","1"
"19","{\rm PSL}_{2}(37)","!2, 37","Not implemented","1"
"20","A_{7}","2","","-1"
"20","2.A_{7}","! 2,3","","-1"
"20","A_{8}","0,5","","1"
"20","A_{9}","2","i15","-1"
"20","{\rm PSL}_{3}(4)","0,5","","1"
"20","4_2.{\rm PSL}_{3}(4)","! 2,3","i1","0"
"20","{\rm PSU}_{3}(5)","! 5","","-1"
"20","{\rm PSU}_{4}(2)","0,5","","1"
"20","2.{\rm PSU}_{4}(2)","0,5","","-1"
"20","2.{\rm PSU}_{4}(2)","0,5","z3","0"
"20","{\rm PSU}_{4}(3)","2","","1"
"20","2.{\rm PSU}_{4}(3)","! 2,3","","-1"
"20","4.{\rm PSU}_{4}(3)","! 2,3","i1","0"
"20","{\rm M}_{22}","11","","1"
"20","{\rm J}_1","2","","1"
"20","{\rm HS}","2","","-1"
"20","A_{21}","!3, 7","","1"
"20","A_{22}","2, 11","","1"
"20","{\rm PSL}_{2}(19)","!3, 19","Not implemented","1"
"20","2.{\rm PSL}_{2}(19)","!3, 19, 2","Not implemented","-1"
"20","{\rm PSL}_{2}(41)","2","Not implemented","-1"
"20","2.{\rm PSL}_{2}(41)","!2, 41","Not implemented","-1"
"21","A_{7}","0,7","","1"
"21","3.A_{7}","! 2,3","z3","0"
"21","A_{8}","0,7","i15","0"
"21","A_{8}","! 2","","1"
"21","A_{9}","0,7","i15","0"
"21","A_{9}","3,5","","1"
"21","3.{\rm PSL}_{3}(4)","! 2,3","z3","0"
"21","{\rm PSU}_{3}(3)","0,7","","1"
"21","{\rm PSU}_{3}(3)","0,7","i1","0"
"21","{\rm PSU}_{3}(5)","! 2,5","","1"
"21","3.{\rm PSU}_{3}(5)","! 3,5","z3","0"
"21","{\rm PSU}_{4}(3)","! 2,3","","1"
"21","3_1.{\rm PSU}_{4}(3)","! 2,3","z3","0"
"21","{\rm PSU}_{6}(2)","3","","1"
"21","3.{\rm PSU}_{6}(2)","! 2,3","z3","0"
"21","{\rm PSp}_{6}(2)","! 2","","1"
"21","{\rm M}_{22}","! 2,11","","1"
"21","3.{\rm M}_{22}","! 2,3","z3","0"
"21","{\rm M}_{23}","23","","1"
"21","{\rm J}_2","5","","1"
"21","{\rm J}_2","! 2,5","b5","1"
"21","{\rm HS}","5","","1"
"21","{\rm McL}","3,5","","1"
"21","A_{22}","!2, 11","","1"
"21","A_{23}","23","","1"
"21","{\rm PSL}_{2}(41)","!2, 41","Not implemented","1"
"21","{\rm PSL}_{2}(43)","!43","Not implemented","0"
"22","2.{\rm PSL}_{3}(4)","3","b5","1"
"22","{\rm PSU}_{6}(2)","! 2,3","","1"
"22","{\rm M}_{23}","! 2,23","","1"
"22","{\rm M}_{24}","3","","1"
"22","{\rm J}_1","19","b5","1"
"22","{\rm HS}","! 2,5","","1"
"22","{\rm McL}","! 3,5","","1"
"22","{\rm Co}_3","2","","-1"
"22","{\rm Co}_3","3","","1"
"22","{\rm Co}_2","2","","1"
"22","A_{23}","!23","","1"
"22","A_{24}","2, 3","","1"
"22","{\rm PSL}_{2}(23)","!23","Not implemented","1"
"22","2.{\rm PSL}_{2}(23)","!2, 23","Not implemented","-1"
"22","2.{\rm PSL}_{2}(43)","!43, 2","Not implemented","0"
"23","{\rm PSU}_{4}(2)","5","","1"
"23","{\rm M}_{24}","! 2,3","","1"
"23","{\rm Co}_3","! 2,3","","1"
"23","{\rm Co}_2","! 2","","1"
"23","A_{24}","!2, 3","","1"
"23","A_{25}","5","","1"
"23","{\rm PSL}_{2}(23)","!2, 3, 23","Not implemented","1"
"23","{\rm PSL}_{2}(47)","!47","Not implemented","0"
"24","3.A_{7}","0,2","z3, b7","0"
"24","6.A_{7}","7","z3","0"
"24","6.A_{7}","0,5","z3, b7","0"
"24","2.A_{8}","! 2,7","b7","0"
"24","4_1.{\rm PSL}_{3}(4)","3","i1, r7","0"
"24","12_1.{\rm PSL}_{3}(4)","7","z12","0"
"24","12_1.{\rm PSL}_{3}(4)","0,5","z12, b7","0"
"24","{\rm PSU}_{4}(2)","0","","1"
"24","{\rm PSp}_{4}(7)","2","b7","0"
"24","2.{\rm PSp}_{4}(7)","! 2,7","b7","0"
"24","2.Sz(8)","13","y7","1"
"24","{\rm M}_{11}","3","","1"
"24","12.{\rm M}_{22}","11","z24, b7","-1"
"24","{\rm Co}_1","2","","1"
"24","2.{\rm Co}_1","! 2","","1"
"24","A_{25}","!5","","1"
"24","A_{26}","2, 13","","1"
"24","{\rm PSL}_{2}(25)","!5","Not implemented","1"
"24","2.{\rm PSL}_{2}(25)","!13, 5","Not implemented","-1"
"24","{\rm PSL}_{2}(49)","2","Not implemented","-1"
"24","2.{\rm PSL}_{2}(49)","!2, 7","Not implemented","-1"
"24","{\rm PSL}_{2}(23)","!11, 23","Not implemented","1"
"24","2.{\rm PSL}_{2}(23)","!11, 23, 2","Not implemented","-1"
"24","2.{\rm PSL}_{2}(47)","!47, 2","Not implemented","0"
"25","{\rm PSp}_{4}(7)","! 2,7","b7","0"
"25","{}^3D_4(2)","3","","1"
"25","A_{26}","!2, 13","","1"
"25","A_{27}","3","","1"
"25","{\rm PSL}_{2}(25)","!2, 13, 5","Not implemented","1"
"25","{\rm PSL}_{2}(49)","!2, 7","Not implemented","1"
"26","A_{9}","2","","1"
"26","A_{10}","2","","1"
"26","{\rm PSL}_{3}(3)","0,13","i2","0"
"26","{\rm PSL}_{3}(3)","! 3","","1"
"26","2.{\rm PSL}_{3}(4)","7","","1"
"26","{\rm PSL}_{4}(3)","! 3","","1"
"26","{\rm PSU}_{3}(3)","7","","1"
"26","{\rm PSp}_{6}(2)","7","","1"
"26","{}^3D_{4}(2)","! 2,3","","1"
"26","{}^2F_4(2)'","2","","1"
"26","{}^2F_4(2)'","! 2","i2","0"
"26","A_{27}","!3","","1"
"26","A_{28}","2, 7","","1"
"26","{\rm PSL}_{2}(27)","!3","Not implemented","1"
"26","2.{\rm PSL}_{2}(27)","!2, 3","Not implemented","-1"
"26","{\rm PSL}_{2}(25)","!5","Not implemented","1"
"26","2.{\rm PSL}_{2}(25)","!2, 5","Not implemented","-1"
"26","{\rm PSL}_{2}(53)","2","Not implemented","-1"
"26","2.{\rm PSL}_{2}(53)","!2, 53","Not implemented","-1"
"27","A_{9}","! 2,7","","1"
"27","{\rm PSL}_{3}(3)","0","","1"
"27","{\rm PSU}_{3}(3)","0","","1"
"27","{\rm PSp}_{6}(2)","! 2,7","","1"
"27","3.{\rm O}_{7}(3)","! 3","z3","0"
"27","3.G_{2}(3)","! 3","z3","0"
"27","{}^2F_4(2)'","! 2","i1","0"
"27","{\rm J}_1","11","b5, c19","1"
"27","3.{\rm Fi}_{22}","2","z3, b11","0"
"27","A_{28}","!2, 7","","1"
"27","A_{29}","29","","1"
"27","{\rm PSL}_{2}(27)","!2, 7, 3","Not implemented","1"
"27","{\rm PSL}_{2}(53)","!2, 53","Not implemented","1"
"28","A_{8}","! 2,5","","1"
"28","A_{9}","! 2,3","","1"
"28","A_{10}","5","","1"
"28","2.{\rm PSL}_{3}(4)","5","","1"
"28","2.{\rm PSL}_{3}(4)","0,7","b5","1"
"28","4_2.{\rm PSL}_{3}(4)","5","i1","0"
"28","4_2.{\rm PSL}_{3}(4)","! 2,5","i1, b5","0"
"28","{\rm PSU}_{3}(3)","0,7","i1","0"
"28","{\rm PSU}_{3}(5)","! 5","","1"
"28","{\rm O}_{8}^+(2)","! 2","","1"
"28","2.{\rm M}_{22}","5","i1, r11","0"
"28","2.{\rm HS}","5","i1, r11","0"
"28","{\rm Ru}","2","","1"
"28","2.{\rm Ru}","! 2","i1","0"
"28","A_{29}","!29","","1"
"28","A_{30}","2, 3, 5","","1"
"28","{\rm PSL}_{2}(27)","!13, 3","Not implemented","1"
"28","2.{\rm PSL}_{2}(27)","!13, 3, 2","Not implemented","-1"
"28","{\rm PSL}_{2}(29)","!29","Not implemented","1"
"28","2.{\rm PSL}_{2}(29)","!29","Not implemented","-1"
"29","{\rm PSL}_{3}(5)","31","","1"
"29","{\rm PSL}_{5}(2)","31","","1"
"29","{\rm M}_{12}","11","","1"
"29","A_{30}","!2, 3, 5","","1"
"29","A_{31}","31","","1"
"29","{\rm PSL}_{2}(29)","!2, 3, 5, 29","Not implemented","1"
"29","{\rm PSL}_{2}(59)","!59","Not implemented","0"
"30","{\rm PSL}_{3}(5)","! 5,31","","1"
"30","{\rm PSL}_{5}(2)","! 2,31","","1"
"30","{\rm PSU}_{4}(2)","0,5","","1"
"30","{\rm PSU}_{4}(2)","0,5","z3","0"
"30","A_{31}","!31","","1"
"30","A_{32}","2","","1"
"30","{\rm PSL}_{2}(29)","!7, 29","Not implemented","1"
"30","2.{\rm PSL}_{2}(29)","!2, 29","Not implemented","-1"
"30","{\rm PSL}_{2}(31)","!31","Not implemented","1"
"30","2.{\rm PSL}_{2}(31)","!2, 31","Not implemented","-1"
"30","2.{\rm PSL}_{2}(59)","!59, 2","Not implemented","0"
"30","{\rm PSL}_{2}(61)","2","Not implemented","-1"
"30","2.{\rm PSL}_{2}(61)","!2, 61","Not implemented","-1"
"31","{\rm PSL}_{3}(5)","! 2,5","","1"
"31","{\rm PSL}_{3}(5)","! 2,5","i1","-1"
"31","{\rm J}_1","7","c19","1"
"31","A_{32}","!2","","1"
"31","A_{33}","3, 11","","1"
"31","{\rm PSL}_{2}(32)","!2","Not implemented","1"
"31","{\rm PSL}_{2}(31)","!2, 31","Not implemented","1"
"31","{\rm PSL}_{2}(61)","!2, 61","Not implemented","1"
"32","2.A_{8}","5","z3, b7","0"
"32","2.A_{12}","! 2,3","","-1"
"32","A_{13}","2","b13","1"
"32","2.A_{13}","13","","-1"
"32","2.A_{13}","! 2,13","b13","-1"
"32","2.A_{14}","7","r3, r6, r10, b5, b13, b33","-1"
"32","{\rm PSU}_{3}(3)","0,2","b7","0"
"32","2.{\rm PSU}_{4}(2)","5","z3","0"
"32","2.{\rm M}_{12}","! 2,3","","-1"
"32","A_{33}","!3, 11","","1"
"32","A_{34}","2, 17","","1"
"32","{\rm PSL}_{2}(32)","!3, 11, 2","Not implemented","1"
"32","{\rm PSL}_{2}(31)","!31","Not implemented","1"
"32","2.{\rm PSL}_{2}(31)","!31, 2","Not implemented","-1"
"33","{\rm PSp}_{4}(4)","5","","1"
"33","{\rm O}_{8}^-(2)","7","","1"
"33","A_{34}","!2, 17","","1"
"33","A_{35}","5, 7","","1"
"33","{\rm PSL}_{2}(32)","!31, 2","Not implemented","1"
"33","{\rm PSL}_{2}(67)","!67","Not implemented","0"
"34","A_{9}","5","","1"
"34","A_{10}","3,5","","1"
"34","A_{11}","3","","1"
"34","{\rm PSU}_{4}(3)","2","","-1"
"34","{\rm PSp}_{4}(4)","! 2,5","","1"
"34","{\rm PSp}_{6}(2)","3","","1"
"34","{\rm O}_{8}^-(2)","! 2,7","","1"
"34","{\rm M}_{12}","3","","1"
"34","{\rm M}_{22}","2","","-1"
"34","{\rm J}_1","19","b5","1"
"34","A_{35}","!5, 7","","1"
"34","A_{36}","2, 3","","1"
"34","2.{\rm PSL}_{2}(67)","!67, 2","Not implemented","0"
"35","A_{7}","! 2,3","","1"
"35","A_{8}","! 2","","1"
"35","A_{9}","! 2","","1"
"35","A_{10}","! 2,3","","1"
"35","A_{10}","5","r21","1"
"35","{\rm PSL}_{3}(4)","! 2,3","","1"
"35","{\rm PSU}_{4}(3)","! 2,3","","1"
"35","{\rm PSp}_{6}(2)","! 2","","1"
"35","{\rm PSp}_{8}(2)","! 2","","1"
"35","{\rm O}_{8}^+(2)","! 2","","1"
"35","Sz(8)","13","","1"
"35","Sz(8)","! 2,13","c13","1"
"35","A_{36}","!2, 3","","1"
"35","A_{37}","37","","1"
"35","{\rm PSL}_{2}(71)","!71","Not implemented","0"
"36","2.A_{7}","0,3","","-1"
"36","6.A_{7}","0","z3","0"
"36","A_{10}","! 2,5","","1"
"36","A_{11}","11","","1"
"36","2.{\rm PSL}_{3}(4)","! 2,7","","1"
"36","4_2.{\rm PSL}_{3}(4)","! 2","i1","0"
"36","6.{\rm PSL}_{3}(4)","! 2,3","z3","0"
"36","12_2.{\rm PSL}_{3}(4)","! 2,3","z12","0"
"36","2.{\rm PSU}_{4}(2)","0","z3","0"
"36","3_2.{\rm PSU}_{4}(3)","! 3","z3","0"
"36","12_2.{\rm PSU}_{4}(3)","! 2,3","z12","0"
"36","6.{\rm M}_{22}","11","z12","0"
"36","{\rm J}_2","! 5","","1"
"36","2.{\rm J}_2","3","i1","0"
"36","A_{37}","!37","","1"
"36","A_{38}","2, 19","","1"
"36","{\rm PSL}_{2}(37)","!37","Not implemented","1"
"36","2.{\rm PSL}_{2}(37)","!19, 37","Not implemented","-1"
"36","2.{\rm PSL}_{2}(71)","!71, 2","Not implemented","0"
"36","{\rm PSL}_{2}(73)","2","Not implemented","-1"
"36","2.{\rm PSL}_{2}(73)","!2, 73","Not implemented","-1"
"37","A_{38}","!2, 19","","1"
"37","A_{39}","3, 13","","1"
"37","{\rm PSL}_{2}(37)","!2, 19, 37","Not implemented","1"
"37","{\rm PSL}_{2}(73)","!2, 73","Not implemented","1"
"38","{\rm PSL}_{4}(3)","2,5","","1"
"38","A_{39}","!3, 13","","1"
"38","A_{40}","2, 5","","1"
"38","{\rm PSL}_{2}(37)","!3, 37","Not implemented","1"
"38","2.{\rm PSL}_{2}(37)","!2, 37","Not implemented","-1"
"39","{\rm PSL}_{3}(3)","0,13","","1"
"39","{\rm PSL}_{4}(3)","0,13","","1"
"39","{\rm PSU}_{3}(4)","5","","1"
"39","{\rm PSU}_{3}(4)","! 2,5","b5","1"
"39","A_{40}","!2, 5","","1"
"39","A_{41}","41","","1"
"39","{\rm PSL}_{2}(79)","!79","Not implemented","0"
"40","2.{\rm PSL}_{4}(3)","! 2,3","","1"
"40","4_1.{\rm PSL}_{3}(4)","3","i1","0"
"40","{\rm PSU}_{4}(2)","0,5","z3","0"
"40","{\rm PSp}_{4}(5)","! 5","","1"
"40","{\rm PSp}_{4}(9)","2","","-1"
"40","2.{\rm PSp}_{4}(9)","! 2,3","","-1"
"40","2.{\rm PSp}_{6}(2)","7","","1"
"40","{\rm PSp}_{8}(3)","2","z3","0"
"40","2.{\rm PSp}_{8}(3)","! 2,3","z3","0"
"40","2.Sz(8)","7","","1"
"40","2.Sz(8)","! 2,7","y7","1"
"40","A_{41}","!41","","1"
"40","A_{42}","2, 3, 7","","1"
"40","{\rm PSL}_{2}(81)","2","Not implemented","-1"
"40","2.{\rm PSL}_{2}(81)","!2, 3","Not implemented","-1"
"40","{\rm PSL}_{2}(41)","!41","Not implemented","1"
"40","2.{\rm PSL}_{2}(41)","!41","Not implemented","-1"
"40","2.{\rm PSL}_{2}(79)","!79, 2","Not implemented","0"
"41","A_{9}","3","","1"
"41","A_{10}","3","","1"
"41","{\rm PSp}_{4}(9)","! 2,3","","1"
"41","{\rm PSp}_{8}(3)","! 2,3","z3","0"
"41","{\rm J}_2","5","","1"
"41","A_{42}","!2, 3, 7","","1"
"41","A_{43}","43","","1"
"41","{\rm PSL}_{2}(81)","!2, 3","Not implemented","1"
"41","{\rm PSL}_{2}(41)","!2, 3, 7, 41","Not implemented","1"
"41","{\rm PSL}_{2}(83)","!83","Not implemented","0"
"42","A_{9}","0,7","","1"
"42","A_{10}","0,7","","1"
"42","6.{\rm PSL}_{3}(4)","0,7","z3, b5","0"
"42","{\rm PSU}_{3}(7)","! 7","","-1"
"42","{\rm PSU}_{7}(2)","! 2","","-1"
"42","A_{43}","!43","","1"
"42","A_{44}","2, 11","","1"
"42","{\rm PSL}_{2}(41)","!41","Not implemented","1"
"42","2.{\rm PSL}_{2}(41)","!2, 41","Not implemented","-1"
"42","{\rm PSL}_{2}(43)","!43","Not implemented","1"
"42","2.{\rm PSL}_{2}(43)","!2, 43","Not implemented","-1"
"42","2.{\rm PSL}_{2}(83)","!83, 2","Not implemented","0"
"43","A_{8}","5","","1"
"43","A_{11}","5","","1"
"43","A_{12}","5","","1"
"43","{\rm PSU}_{3}(7)","! 2,7","","1"
"43","{\rm PSU}_{3}(7)","! 2,7","i1","0"
"43","{\rm PSU}_{3}(7)","! 2,7","z8","0"
"43","{\rm PSU}_{5}(2)","5","","1"
"43","{\rm PSU}_{7}(2)","! 2,3","z3","0"
"43","{\rm J}_1","19","b5","1"
"43","A_{44}","!2, 11","","1"
"43","A_{45}","3, 5","","1"
"43","{\rm PSL}_{2}(43)","!2, 11, 43","Not implemented","1"
"44","A_{11}","! 3,5","","1"
"44","A_{12}","2","","1"
"44","4_2.{\rm PSL}_{3}(4)","7","i1","0"
"44","{\rm PSU}_{5}(2)","! 2,5","","1"
"44","{\rm M}_{11}","! 3,5","","1"
"44","{\rm M}_{12}","2","","1"
"44","2.{\rm M}_{12}","! 2,5","i5","0"
"44","{\rm M}_{23}","2","b7","0"
"44","{\rm M}_{24}","2","b7","0"
"44","A_{45}","!3, 5","","1"
"44","A_{46}","2, 23","","1"
"44","{\rm PSL}_{2}(43)","!43","Not implemented","1"
"44","2.{\rm PSL}_{2}(43)","!43, 2","Not implemented","-1"
"44","{\rm PSL}_{2}(89)","2","Not implemented","-1"
"44","2.{\rm PSL}_{2}(89)","!2, 89","Not implemented","-1"
"45","A_{8}","7","","1"
"45","A_{8}","! 2,7","b7","0"
"45","A_{11}","! 2,11","","1"
"45","A_{12}","3","","1"
"45","{\rm PSL}_{3}(4)","7","","1"
"45","{\rm PSL}_{3}(4)","! 2,7","b7","0"
"45","3.{\rm PSL}_{3}(4)","0,5","z3, b7","0"
"45","{\rm PSU}_{4}(2)","0,5","z3","0"
"45","3_2.{\rm PSU}_{4}(3)","7","z3","0"
"45","3_2.{\rm PSU}_{4}(3)","! 3,7","z3, b7","0"
"45","{\rm M}_{11}","! 2,11","","1"
"45","{\rm M}_{12}","! 2,11","","1"
"45","{\rm M}_{22}","7","","1"
"45","{\rm M}_{22}","! 2,7","b7","0"
"45","3.{\rm M}_{22}","7","z3","0"
"45","3.{\rm M}_{22}","! 3,7","z3, b7","0"
"45","{\rm M}_{23}","7","","1"
"45","{\rm M}_{23}","! 2,7","b7","0"
"45","{\rm M}_{24}","7","","1"
"45","{\rm M}_{24}","! 2,7","b7","0"
"45","{\rm J}_1","7","c19","1"
"45","3.{\rm McL}","5","z3, b7","0"
"45","3.{\rm {\rm O'N}}","7","","0"
"45","A_{46}","!2, 23","","1"
"45","A_{47}","47","","1"
"45","{\rm PSL}_{2}(89)","!2, 89","Not implemented","1"
"46","A_{47}","!47","","1"
"46","A_{48}","2, 3","","1"
"46","{\rm PSL}_{2}(47)","!47","Not implemented","1"
"46","2.{\rm PSL}_{2}(47)","!2, 47","Not implemented","-1"
"47","A_{9}","7","","1"
"47","A_{48}","!2, 3","","1"
"47","A_{49}","7","","1"
"47","{\rm PSL}_{2}(47)","!2, 3, 47","Not implemented","1"
"48","2.A_{8}","! 2","","-1"
"48","A_{9}","0,2","","1"
"48","2.A_{9}","3","","1"
"48","2.A_{9}","! 2,3","i6","0"
"48","A_{10}","2","","1"
"48","2.A_{10}","3","","1"
"48","2.A_{10}","! 2,3","i6","0"
"48","12_1.{\rm PSL}_{3}(4)","0,7","z12,b5","0"
"48","12_2.{\rm PSL}_{3}(4)","0,7","z12, b5","0"
"48","12_2.{\rm PSL}_{3}(4)","5","z12","0"
"48","3.{\rm PSU}_{3}(5)","! 3,5","z3","0"
"48","2.{\rm PSp}_{6}(2)","! 2,7","","1"
"48","{\rm O}_{8}^+(2)","3","","1"
"48","2.Sz(8)","5","c13","1"
"48","12.{\rm M}_{22}","5","z12, b11","0"
"48","A_{49}","!7","","1"
"48","A_{50}","2, 5","","1"
"48","{\rm PSL}_{2}(49)","!7","Not implemented","1"
"48","2.{\rm PSL}_{2}(49)","!5, 7","Not implemented","-1"
"48","{\rm PSL}_{2}(47)","!23, 47","Not implemented","1"
"48","2.{\rm PSL}_{2}(47)","!23, 47, 2","Not implemented","-1"
"48","{\rm PSL}_{2}(97)","2","Not implemented","-1"
"48","2.{\rm PSL}_{2}(97)","!2, 97","Not implemented","-1"
"49","{\rm PSp}_{4}(4)","17","","1"
"49","{\rm PSp}_{6}(2)","3","","1"
"49","{\rm M}_{22}","3","b11","0"
"49","{\rm J}_1","11","b5, c19","1"
"49","{\rm HS}","3","i5, b11","0"
"49","A_{50}","!2, 5","","1"
"49","A_{51}","3, 17","","1"
"49","{\rm PSL}_{2}(49)","!2, 5, 7","Not implemented","1"
"49","{\rm PSL}_{2}(97)","!2, 97","Not implemented","1"
"50","{\rm PSp}_{4}(4)","! 2,17","","1"
"50","{\rm PSp}_{8}(2)","3","","1"
"50","{\rm O}_{8}^+(2)","! 2,3","","1"
"50","{\rm O}_{8}^-(2)","3","","1"
"50","2.{\rm J}_2","3","b5","-1"
"50","2.{\rm J}_2","! 2,3","i1","0"
"50","{\rm He}","7","","1"
"50","A_{51}","!3, 17","","1"
"50","A_{52}","2, 13","","1"
"50","{\rm PSL}_{2}(49)","!7","Not implemented","1"
"50","2.{\rm PSL}_{2}(49)","!2, 7","Not implemented","-1"
"50","{\rm PSL}_{2}(101)","2","Not implemented","-1"
"50","2.{\rm PSL}_{2}(101)","!2, 101","Not implemented","-1"
"51","{\rm PSU}_{4}(4)","5","","1"
"51","{\rm PSU}_{4}(4)","! 2,5","z5","0"
"51","{\rm PSp}_{4}(4)","! 2,5","b5","1"
"51","{\rm PSp}_{8}(2)","! 2,3","","1"
"51","{\rm O}_{8}^-(2)","! 2,3","","1"
"51","{\rm He}","! 7","b7","0"
"51","A_{52}","!2, 13","","1"
"51","A_{53}","53","","1"
"51","{\rm PSL}_{2}(101)","!2, 101","Not implemented","1"
"51","{\rm PSL}_{2}(103)","!103","Not implemented","0"
"52","{\rm PSL}_{4}(3)","! 2,3","","1"
"52","{\rm PSU}_{3}(4)","! 2,5","z5","0"
"52","{\rm PSU}_{4}(4)","! 2,5","","1"
"52","2.{\rm PSp}_{4}(5)","! 2,5","b5","-1"
"52","{}^{3}D_{4}(2)","! 2","","1"
"52","2.F_{4}(2)","! 2","","1"
"52","A_{53}","!53","","1"
"52","A_{54}","2, 3","","1"
"52","{\rm PSL}_{2}(53)","!53","Not implemented","1"
"52","2.{\rm PSL}_{2}(53)","!3, 53","Not implemented","-1"
"52","2.{\rm PSL}_{2}(103)","!103, 2","Not implemented","0"
"53","A_{12}","11","","1"
"53","A_{13}","11","","1"
"53","{\rm M}_{12}","11","","1"
"53","A_{54}","!2, 3","","1"
"53","A_{55}","5, 11","","1"
"53","{\rm PSL}_{2}(53)","!2, 3, 53","Not implemented","1"
"53","{\rm PSL}_{2}(107)","!107","Not implemented","0"
"54","A_{12}","0,3,7","","1"
"54","6.{\rm PSL}_{3}(4)","7","z3","0"
"54","{\rm M}_{12}","0,3","","1"
"54","{\rm M}_{22}","7","","1"
"54","6.{\rm M}_{22}","7","z3","0"
"54","A_{55}","!5, 11","","1"
"54","A_{56}","2, 7","","1"
"54","{\rm PSL}_{2}(53)","!13, 53","Not implemented","1"
"54","2.{\rm PSL}_{2}(53)","!2, 53","Not implemented","-1"
"54","2.{\rm PSL}_{2}(107)","!107, 2","Not implemented","0"
"54","{\rm PSL}_{2}(109)","2","Not implemented","-1"
"54","2.{\rm PSL}_{2}(109)","!2, 109","Not implemented","-1"
"55","A_{10}","5","","1"
"55","A_{11}","5","","1"
"55","A_{12}","! 2,3","","1"
"55","A_{13}","13","","1"
"55","{\rm PSL}_{3}(7)","3,19","","1"
"55","{\rm PSU}_{5}(2)","! 2","","1"
"55","{\rm PSU}_{5}(2)","! 2,3","z3","0"
"55","{\rm M}_{11}","! 2,3","","1"
"55","{\rm M}_{12}","! 2,3","","1"
"55","{\rm M}_{22}","! 2,7","","1"
"55","{\rm J}_1","19","b5","1"
"55","{\rm HS}","5","","1"
"55","A_{56}","!2, 7","","1"
"55","A_{57}","3, 19","","1"
"55","{\rm PSL}_{2}(109)","!2, 109","Not implemented","1"
"56","A_{8}","0,7","","1"
"56","2.A_{8}","0,7","z3","0"
"56","2.A_{8}","0,7","i15","0"
"56","A_{9}","! 2,3","","1"
"56","2.A_{9}","! 2,3","","1"
"56","A_{10}","5","","1"
"56","2.A_{10}","5","r6, r21","1"
"56","2.A_{11}","5","r6, r21","1"
"56","4_1.{\rm PSL}_{3}(4)","! 2,3","i1","0"
"56","{\rm PSL}_{3}(7)","0,2","","1"
"56","{\rm PSU}_{3}(8)","! 2","","-1"
"56","2.{\rm PSU}_{4}(3)","! 2,3","","1"
"56","2.{\rm PSU}_{6}(2)","! 2","","1"
"56","{\rm PSp}_{6}(2)","! 2,3","","1"
"56","2.{\rm PSp}_{6}(2)","3","i5","0"
"56","2.{\rm O}_{8}^+(2)","! 2","","1"
"56","2.Sz(8)","! 2,13","c13","1"
"56","2.{\rm M}_{22}","! 2,5","","1"
"56","4.{\rm M}_{22}","! 2","z8","0"
"56","{\rm J}_1","2","b5","-1"
"56","{\rm J}_1","5","","1"
"56","{\rm J}_1","! 5,19","b5","1"
"56","2.{\rm J}_2","5","","-1"
"56","2.{\rm J}_2","0,7","b5","-1"
"56","{\rm HS}","2","","1"
"56","2.{\rm HS}","! 2,5","","1"
"56","A_{57}","!3, 19","","1"
"56","A_{58}","2, 29","","1"
"56","{\rm PSL}_{2}(113)","2","Not implemented","-1"
"56","2.{\rm PSL}_{2}(113)","!2, 113","Not implemented","-1"
"57","{\rm PSL}_{3}(7)","! 2,7","","1"
"57","3.{\rm PSL}_{3}(7)","! 3, 7","z3","0"
"57","{\rm PSU}_{3}(8)","! 2,3","z3","0"
"57","3.{\rm PSU}_{3}(8)","! 2,3","z9","0"
"57","{\rm J}_2","3","b5","1"
"57","A_{58}","!2, 29","","1"
"57","A_{59}","59","","1"
"57","{\rm PSL}_{2}(113)","!2, 113","Not implemented","1"
"58","{\rm PSU}_{4}(2)","5","","1"
"58","2.{\rm J}_2","7","b5","-1"
"58","A_{59}","!59","","1"
"58","A_{60}","2, 3, 5","","1"
"58","{\rm PSL}_{2}(59)","!59","Not implemented","1"
"58","2.{\rm PSL}_{2}(59)","!2, 59","Not implemented","-1"
"59","A_{60}","!2, 3, 5","","1"
"59","A_{61}","61","","1"
"59","{\rm PSL}_{2}(59)","!2, 3, 5, 59","Not implemented","1"
"60","4_2.{\rm PSL}_{3}(4)","3","i1, r7","0"
"60","6.{\rm PSL}_{3}(4)","0,5","z3, b7","0"
"60","12_2.{\rm PSL}_{3}(4)","0,5","z12, b7","0"
"60","{\rm PSU}_{4}(2)","0,5","","1"
"60","2.{\rm PSU}_{4}(2)","0,5","","-1"
"60","2.{\rm PSU}_{4}(2)","0,5","z3","0"
"60","{\rm PSU}_{5}(3)","! 3","","-1"
"60","{\rm PSp}_{4}(11)","2","b11","0"
"60","2.{\rm PSp}_{4}(11)","! 2,11","b11","0"
"60","A_{61}","!61","","1"
"60","A_{62}","2, 31","","1"
"60","{\rm PSL}_{2}(121)","2","Not implemented","-1"
"60","2.{\rm PSL}_{2}(121)","!2, 11","Not implemented","-1"
"60","{\rm PSL}_{2}(59)","!29, 59","Not implemented","1"
"60","2.{\rm PSL}_{2}(59)","!29, 59, 2","Not implemented","-1"
"60","{\rm PSL}_{2}(61)","!61","Not implemented","1"
"60","2.{\rm PSL}_{2}(61)","!31, 61","Not implemented","-1"
"61","{\rm PSL}_{6}(2)","3,7","","1"
"61","{\rm PSU}_{5}(3)","! 2,3","i1","0"
"61","{\rm PSp}_{4}(11)","! 2,11","b11","0"
"61","A_{62}","!2, 31","","1"
"61","A_{63}","3, 7","","1"
"61","{\rm PSL}_{2}(121)","!2, 11","Not implemented","1"
"61","{\rm PSL}_{2}(61)","!2, 31, 61","Not implemented","1"
"62","{\rm PSL}_{6}(2)","0,5,31","","1"
"62","{\rm PSp}_{6}(5)","! 5","b5","-1"
"62","A_{63}","!3, 7","","1"
"62","A_{64}","2","","1"
"62","{\rm PSL}_{2}(125)","2","Not implemented","-1"
"62","2.{\rm PSL}_{2}(125)","!2, 5","Not implemented","-1"
"62","{\rm PSL}_{2}(61)","!61","Not implemented","1"
"62","2.{\rm PSL}_{2}(61)","!2, 61","Not implemented","-1"
"63","{\rm PSL}_{3}(4)","5","","1"
"63","{\rm PSL}_{3}(4)","! 2,5","b5","1"
"63","3.{\rm PSL}_{3}(4)","5","z3","0"
"63","3.{\rm PSL}_{3}(4)","0,7","z3, b5","0"
"63","{\rm PSU}_{3}(4)","13","","1"
"63","2.{\rm PSp}_{6}(5)","! 2,5","b5","1"
"63","Sz(8)","5","","1"
"63","{\rm J}_2","! 2,5","","1"
"63","A_{64}","!2","","1"
"63","A_{65}","5, 13","","1"
"63","{\rm PSL}_{2}(64)","!2","Not implemented","1"
"63","{\rm PSL}_{2}(125)","!2, 5","Not implemented","1"
"63","{\rm PSL}_{2}(127)","!127","Not implemented","0"
"64","A_{8}","0","","1"
"64","2.A_{8}","0","","-1"
"64","A_{10}","2","","1"
"64","2.A_{10}","0,7","","1"
"64","A_{13}","2","","-1"
"64","A_{13}","3","","1"
"64","A_{14}","2,3","","1"
"64","2.A_{14}","! 2,7","","-1"
"64","A_{15}","2","b15","0"
"64","2.A_{15}","3, 5","","-1"
"64","2.A_{15}","! 2,3,5","b15","0"
"64","A_{16}","2","b7, b15, b39, b55","0"
"64","{\rm PSL}_{3}(4)","0","","1"
"64","2.{\rm PSL}_{3}(4)","0,7","","1"
"64","4_1.{\rm PSL}_{3}(4)","0,7","i1","0"
"64","4_2.{\rm PSL}_{3}(4)","0","i1","0"
"64","{\rm PSU}_{3}(4)","0,3","","1"
"64","{\rm PSU}_{4}(2)","0","","1"
"64","2.{\rm PSU}_{4}(2)","0","","-1"
"64","{\rm PSp}_{4}(5)","2","","-1"
"64","{\rm PSp}_{4}(5)","3","","1"
"64","2.{\rm PSp}_{6}(2)","5","","1"
"64","2.{\rm PSp}_{6}(2)","0,7","i5","0"
"64","Sz(8)","0,7","","1"
"64","2.Sz(8)","0,7","","1"
"64","G_{2}(3)","! 3","z3","0"
"64","G_{2}(4)","3","","1"
"64","2.{\rm M}_{22}","11","","1"
"64","4.{\rm M}_{22}","3","i1","0"
"64","{\rm J}_1","11","b5, c19","1"
"64","{\rm J}_2","2","b5","1"
"64","2.{\rm J}_2","5","","-1"
"64","2.{\rm J}_2","0","b5","-1"
"64","{\rm Suz}","3","","1"
"64","A_{65}","!5, 13","","1"
"64","A_{66}","2, 3, 11","","1"
"64","{\rm PSL}_{2}(64)","!5, 13, 2","Not implemented","1"
"64","2.{\rm PSL}_{2}(127)","!127, 2","Not implemented","0"
"65","A_{13}","! 2,3,11","","1"
"65","{\rm PSL}_{4}(3)","! 2,3","","1"
"65","{\rm PSU}_{3}(4)","0,13","z5","0"
"65","{\rm PSU}_{3}(4)","! 2,3","","1"
"65","{\rm PSp}_{4}(5)","0,13","","1"
"65","Sz(8)","! 2,7","y7","1"
"65","G_{2}(4)","! 2,3","","1"
"65","A_{66}","!2, 3, 11","","1"
"65","A_{67}","67","","1"
"65","{\rm PSL}_{2}(64)","!2","Not implemented","1"
"65","{\rm PSL}_{2}(131)","!131","Not implemented","0"
"66","A_{10}","7","","1"
"66","A_{11}","7","","1"
"66","A_{13}","! 2,13","","1"
"66","A_{14}","7","","1"
"66","{\rm PSU}_{5}(2)","! 2,3","z3","-1"
"66","{\rm M}_{12}","! 2,3","","1"
"66","6.{\rm M}_{22}","7","z3","0"
"66","6.{\rm M}_{22}","0,5,11","z3, b7","0"
"66","3.{\rm Suz}","! 3","z3","0"
"66","A_{67}","!67","","1"
"66","A_{68}","2, 17","","1"
"66","{\rm PSL}_{2}(67)","!67","Not implemented","1"
"66","2.{\rm PSL}_{2}(67)","!2, 67","Not implemented","-1"
"66","2.{\rm PSL}_{2}(131)","!131, 2","Not implemented","0"
"67","A_{68}","!2, 17","","1"
"67","A_{69}","3, 23","","1"
"67","{\rm PSL}_{2}(67)","!2, 17, 67","Not implemented","1"
"68","A_{69}","!3, 23","","1"
"68","A_{70}","2, 5, 7","","1"
"68","{\rm PSL}_{2}(67)","!67","Not implemented","1"
"68","2.{\rm PSL}_{2}(67)","!67, 2","Not implemented","-1"
"68","{\rm PSL}_{2}(137)","2","Not implemented","-1"
"68","2.{\rm PSL}_{2}(137)","!2, 137","Not implemented","-1"
"69","{\rm J}_1","11","b5, c19","1"
"69","A_{70}","!2, 5, 7","","1"
"69","A_{71}","71","","1"
"69","{\rm PSL}_{2}(137)","!2, 137","Not implemented","1"
"69","{\rm PSL}_{2}(139)","!139","Not implemented","0"
"70","A_{8}","! 2,3","","1"
"70","2.{\rm PSL}_{3}(4)","! 2,3","","1"
"70","{\rm PSU}_{4}(3)","2","z3","0"
"70","2.{\rm PSU}_{4}(3)","! 2,3","","1"
"70","2.{\rm PSU}_{4}(3)","! 2,3","z3","0"
"70","{\rm PSp}_{6}(2)","! 2,3","","1"
"70","{\rm M}_{22}","2","b11","0"
"70","{\rm J}_2","5","","1"
"70","{\rm J}_2","0,7","b5","1"
"70","A_{71}","!71","","1"
"70","A_{72}","2, 3","","1"
"70","{\rm PSL}_{2}(71)","!71","Not implemented","1"
"70","2.{\rm PSL}_{2}(71)","!2, 71","Not implemented","-1"
"70","2.{\rm PSL}_{2}(139)","!139, 2","Not implemented","0"
"71","{\rm PSL}_{3}(8)","73","","1"
"71","A_{72}","!2, 3","","1"
"71","A_{73}","73","","1"
"71","{\rm PSL}_{2}(71)","!2, 3, 71","Not implemented","1"
"72","2.A_{9}","7","z3, r2","0"
"72","{\rm PSL}_{3}(8)","! 2,73","","1"
"72","{\rm PSU}_{3}(9)","! 3","","-1"
"72","A_{73}","!73","","1"
"72","A_{74}","2, 37","","1"
"72","{\rm PSL}_{2}(71)","!71","Not implemented","1"
"72","2.{\rm PSL}_{2}(71)","!71, 2","Not implemented","-1"
"72","{\rm PSL}_{2}(73)","!73","Not implemented","1"
"72","2.{\rm PSL}_{2}(73)","!37, 73","Not implemented","-1"
"73","{\rm PSL}_{3}(8)","! 2,7","z7","0"
"73","{\rm PSU}_{3}(9)","! 2,3","","1"
"73","{\rm PSU}_{3}(9)","! 3,5","z5","0"
"73","A_{74}","!2, 37","","1"
"73","A_{75}","3, 5","","1"
"73","{\rm PSL}_{2}(73)","!2, 37, 73","Not implemented","1"
"74","A_{75}","!3, 5","","1"
"74","A_{76}","2, 19","","1"
"74","{\rm PSL}_{2}(73)","!73","Not implemented","1"
"74","2.{\rm PSL}_{2}(73)","!2, 73","Not implemented","-1"
"74","{\rm PSL}_{2}(149)","2","Not implemented","-1"
"74","2.{\rm PSL}_{2}(149)","!2, 149","Not implemented","-1"
"75","A_{10}","0,5","","1"
"75","{\rm PSU}_{3}(4)","! 2,13","d13","0"
"75","{\rm J}_1","7","","1"
"75","A_{76}","!2, 19","","1"
"75","A_{77}","7, 11","","1"
"75","{\rm PSL}_{2}(149)","!2, 149","Not implemented","1"
"75","{\rm PSL}_{2}(151)","!151","Not implemented","0"
"76","A_{14}","13","","1"
"76","A_{15}","13","","1"
"76","{\rm J}_1","2","","-1"
"76","{\rm J}_1","! 7,11","","1"
"76","A_{77}","!7, 11","","1"
"76","A_{78}","2, 3, 13","","1"
"76","2.{\rm PSL}_{2}(151)","!151, 2","Not implemented","0"
"77","A_{14}","! 2,3,13","","1"
"77","{}^{2}F_{4}(2)'","3","","1"
"77","{\rm J}_1","! 2,3,19","","1"
"77","{\rm J}_1","! 2,5","b5","1"
"77","{\rm HS}","! 2,5","","1"
"77","{\rm Fi}_{22}","3","","1"
"77","A_{78}","!2, 3, 13","","1"
"77","A_{79}","79","","1"
"78","A_{9}","2","","1"
"78","A_{14}","! 2,7","","1"
"78","A_{15}","3,5","","1"
"78","6_1.{\rm PSU}_{4}(3)","5","z3","0"
"78","{\rm PSp}_{4}(5)","! 2,5","b5","1"
"78","{\rm PSp}_{6}(3)","! 3","","1"
"78","{\rm O}_{7}(3)","! 3","","1"
"78","G_{2}(3)","! 3","","1"
"78","G_{2}(4)","! 2","","1"
"78","{}^{2}F_{4}(2)'","! 2,3","","1"
"78","{\rm M}_{12}","5","","1"
"78","3.{\rm M}_{22}","5","z3","0"
"78","{\rm J}_3","2","b5, b17","1"
"78","{\rm Suz}","3","","1"
"78","3.{\rm Suz}","! 2,3","z3","0"
"78","{\rm Fi}_{22}","2","","1"
"78","{\rm Fi}_{22}","! 2,3","","1"
"78","A_{79}","!79","","1"
"78","A_{80}","2, 5","","1"
"78","{\rm PSL}_{2}(79)","!79","Not implemented","1"
"78","2.{\rm PSL}_{2}(79)","!2, 79","Not implemented","-1"
"78","{\rm PSL}_{2}(157)","2","Not implemented","-1"
"78","2.{\rm PSL}_{2}(157)","!2, 157","Not implemented","-1"
"79","A_{80}","!2, 5","","1"
"79","A_{81}","3","","1"
"79","{\rm PSL}_{2}(79)","!2, 5, 79","Not implemented","1"
"79","{\rm PSL}_{2}(157)","!2, 157","Not implemented","1"
"80","4_1.{\rm PSL}_{3}(4)","0,5","i1, r7","0"
"80","4_2.{\rm PSL}_{3}(4)","0,5","i1, r7","0"
"80","2.{\rm PSU}_{4}(2)","0,5","","-1"
"80","{\rm J}_3","2","b17","1"
"80","A_{81}","!3","","1"
"80","A_{82}","2, 41","","1"
"80","{\rm PSL}_{2}(81)","!3","Not implemented","1"
"80","2.{\rm PSL}_{2}(81)","!41, 3","Not implemented","-1"
"80","{\rm PSL}_{2}(79)","!79","Not implemented","1"
"80","2.{\rm PSL}_{2}(79)","!79, 2","Not implemented","-1"
"81","{\rm PSU}_{4}(2)","0","","1"
"81","A_{82}","!2, 41","","1"
"81","A_{83}","83","","1"
"81","{\rm PSL}_{2}(81)","!2, 41, 3","Not implemented","1"
"81","{\rm PSL}_{2}(163)","!163","Not implemented","0"
"82","A_{83}","!83","","1"
"82","A_{84}","2, 3, 7","","1"
"82","{\rm PSL}_{2}(81)","!3","Not implemented","1"
"82","2.{\rm PSL}_{2}(81)","!2, 3","Not implemented","-1"
"82","{\rm PSL}_{2}(83)","!83","Not implemented","1"
"82","2.{\rm PSL}_{2}(83)","!2, 83","Not implemented","-1"
"82","2.{\rm PSL}_{2}(163)","!163, 2","Not implemented","0"
"83","A_{9}","5","","1"
"83","{\rm PSL}_{4}(4)","5,17","","1"
"83","{\rm PSp}_{6}(2)","5","","1"
"83","{\rm O}_{8}^+(2)","5","","1"
"83","{\rm O}_{8}^-(2)","17","","1"
"83","A_{84}","!2, 3, 7","","1"
"83","A_{85}","5, 17","","1"
"83","{\rm PSL}_{2}(83)","!2, 3, 7, 83","Not implemented","1"
"83","{\rm PSL}_{2}(167)","!167","Not implemented","0"
"84","A_{9}","0,7","","1"
"84","A_{10}","! 2,5","","1"
"84","A_{11}","11","","1"
"84","3.{\rm PSL}_{3}(4)","0,7","z3","0"
"84","12_2.{\rm PSL}_{3}(4)","0,7","z12","0"
"84","{\rm PSL}_{4}(4)","0,3,7","","1"
"84","{\rm PSU}_{3}(5)","! 2,5","","1"
"84","3.{\rm PSU}_{3}(5)","! 3,5","z3","0"
"84","3_1.{\rm PSU}_{4}(3)","2","z3","0"
"84","6_1.{\rm PSU}_{4}(3)","0,7","z3","0"
"84","12_1.{\rm PSU}_{4}(3)","! 2,3","z12","0"
"84","{\rm PSp}_{4}(13)","2","b13","-1"
"84","2.{\rm PSp}_{4}(13)","! 2,13","b13","-1"
"84","{\rm PSp}_{6}(2)","0,7","","1"
"84","{\rm O}_{8}^+(2)","0,7","","1"
"84","{\rm O}_{8}^-(2)","0,5,7","","1"
"84","2.{\rm M}_{12}","3","i5, b11","0"
"84","3.{\rm M}_{22}","11","z3","0"
"84","3.{\rm M}_{22}","2","z3, b11","0"
"84","{\rm J}_2","2","","1"
"84","2.{\rm J}_2","0,7","","-1"
"84","{\rm J}_3","2,3","b19","0"
"84","A_{85}","!5, 17","","1"
"84","A_{86}","2, 43","","1"
"84","{\rm PSL}_{2}(169)","2","Not implemented","-1"
"84","2.{\rm PSL}_{2}(169)","!2, 13","Not implemented","-1"
"84","{\rm PSL}_{2}(83)","!41, 83","Not implemented","1"
"84","2.{\rm PSL}_{2}(83)","!41, 83, 2","Not implemented","-1"
"84","2.{\rm PSL}_{2}(167)","!167, 2","Not implemented","0"
"85","{\rm PSL}_{4}(4)","! 2,3","z3","0"
"85","{\rm PSU}_{8}(2)","3","","1"
"85","{\rm PSU}_{8}(2)","! 2,3","z3","0"
"85","{\rm PSp}_{4}(4)","! 2,3","","1"
"85","{\rm PSp}_{4}(13)","! 2,13","b13","1"
"85","{\rm PSp}_{8}(2)","! 2,3","","1"
"85","{\rm J}_2","5","","1"
"85","{\rm J}_3","19","","1"
"85","{\rm J}_3","0,5,17","b19","0"
"85","A_{86}","!2, 43","","1"
"85","A_{87}","3, 29","","1"
"85","{\rm PSL}_{2}(169)","!2, 13","Not implemented","1"
"86","{\rm PSU}_{8}(2)","! 2,3","","1"
"86","A_{87}","!3, 29","","1"
"86","A_{88}","2, 11","","1"
"86","{\rm PSL}_{2}(173)","2","Not implemented","-1"
"86","2.{\rm PSL}_{2}(173)","!2, 173","Not implemented","-1"
"87","A_{88}","!2, 11","","1"
"87","A_{89}","89","","1"
"87","{\rm PSL}_{2}(173)","!2, 173","Not implemented","1"
"88","4.{\rm M}_{22}","5","z8, b7","0"
"88","A_{89}","!89","","1"
"88","A_{90}","2, 3, 5","","1"
"88","{\rm PSL}_{2}(89)","!89","Not implemented","1"
"88","2.{\rm PSL}_{2}(89)","!89","Not implemented","-1"
"89","A_{10}","7","","1"
"89","A_{11}","5","","1"
"89","A_{12}","5","","1"
"89","A_{15}","7","","1"
"89","A_{16}","7","","1"
"89","{\rm PSL}_{3}(9)","7,13","","1"
"89","{\rm PSL}_{4}(3)","13","","1"
"89","{\rm PSU}_{4}(3)","7","","1"
"89","{\rm PSp}_{4}(5)","13","","1"
"89","{\rm J}_1","7","c19","1"
"89","{\rm J}_2","7","","1"
"89","A_{90}","!2, 3, 5","","1"
"89","A_{91}","7, 13","","1"
"89","{\rm PSL}_{2}(89)","!2, 3, 5, 89","Not implemented","1"
"89","{\rm PSL}_{2}(179)","!179","Not implemented","0"
"90","A_{10}","0,3","","1"
"90","A_{15}","! 7,13","","1"
"90","A_{16}","2","","1"
"90","2.{\rm PSL}_{3}(4)","! 2,7","","1"
"90","6.{\rm PSL}_{3}(4)","0,5","z3","0"
"90","{\rm PSL}_{3}(9)","0, 2, 5","","1"
"90","{\rm PSL}_{4}(3)","0,5","","1"
"90","{\rm PSU}_{4}(3)","0,5","","1"
"90","3_1.{\rm PSU}_{4}(3)","2","z3","0"
"90","6_2.{\rm PSU}_{4}(3)","! 2,3","z3","0"
"90","{\rm PSp}_{4}(5)","0,3","","1"
"90","{\rm O}_{7}(3)","2","","1"
"90","G_{2}(3)","2","","1"
"90","6.{\rm M}_{22}","11","z12","-1"
"90","{\rm J}_2","! 2,7","","1"
"90","A_{91}","!7, 13","","1"
"90","A_{92}","2, 23","","1"
"90","{\rm PSL}_{2}(89)","!89","Not implemented","1"
"90","2.{\rm PSL}_{2}(89)","!2, 89","Not implemented","-1"
"90","2.{\rm PSL}_{2}(179)","!179, 2","Not implemented","0"
"90","{\rm PSL}_{2}(181)","2","Not implemented","-1"
"90","2.{\rm PSL}_{2}(181)","!2, 181","Not implemented","-1"
"91","A_{15}","! 2,3,5","","1"
"91","{\rm PSL}_{3}(9)","! 2,3","","1"
"91","{\rm PSL}_{3}(9)","! 2,3","i1","0"
"91","{\rm PSL}_{3}(9)","! 2,3","z8","0"
"91","{\rm PSp}_{6}(2)","3","","1"
"91","{\rm PSp}_{6}(3)","! 2,3","z3","0"
"91","{\rm O}_{7}(3)","! 2,3","","1"
"91","Sz(8)","! 2,5","","1"
"91","G_{2}(3)","! 2,3","","1"
"91","{\rm M}_{12}","11","","1"
"91","A_{92}","!2, 23","","1"
"91","A_{93}","3, 31","","1"
"91","{\rm PSL}_{2}(181)","!2, 181","Not implemented","1"
"92","2.G_{2}(4)","5","","-1"
"92","A_{93}","!3, 31","","1"
"92","A_{94}","2, 47","","1"
"93","A_{94}","!2, 47","","1"
"93","A_{95}","5, 19","","1"
"94","{\rm PSL}_{5}(2)","7","","1"
"94","{\rm PSp}_{6}(2)","7","","1"
"94","A_{95}","!5, 19","","1"
"94","A_{96}","2, 3","","1"
"95","A_{96}","!2, 3","","1"
"95","A_{97}","97","","1"
"95","{\rm PSL}_{2}(191)","!191","Not implemented","0"
"96","{\rm PSL}_{3}(5)","31","","1"
"96","{\rm PSL}_{3}(5)","! 5,31","x31","0"
"96","{\rm PSL}_{3}(7)","3","","1"
"96","3.{\rm PSL}_{3}(7)","! 3,7","z3","0"
"96","12.{\rm M}_{22}","11","z12","0"
"96","A_{97}","!97","","1"
"96","A_{98}","2, 7","","1"
"96","{\rm PSL}_{2}(97)","!97","Not implemented","1"
"96","2.{\rm PSL}_{2}(97)","!7, 97","Not implemented","-1"
"96","2.{\rm PSL}_{2}(191)","!191, 2","Not implemented","0"
"96","{\rm PSL}_{2}(193)","2","Not implemented","-1"
"96","2.{\rm PSL}_{2}(193)","!2, 193","Not implemented","-1"
"97","A_{98}","!2, 7","","1"
"97","A_{99}","3, 11","","1"
"97","{\rm PSL}_{2}(97)","!2, 7, 97","Not implemented","1"
"97","{\rm PSL}_{2}(193)","!2, 193","Not implemented","1"
"98","{\rm PSp}_{6}(2)","3","","1"
"98","{\rm M}_{12}","5","","1"
"98","{\rm M}_{22}","2","","-1"
"98","{\rm M}_{22}","5","","1"
"98","{\rm HS}","5","","1"
"98","A_{99}","!3, 11","","1"
"98","A_{100}","2, 5","","1"
"98","{\rm PSL}_{2}(97)","!97","Not implemented","1"
"98","2.{\rm PSL}_{2}(97)","!2, 97","Not implemented","-1"
"98","{\rm PSL}_{2}(197)","2","Not implemented","-1"
"98","2.{\rm PSL}_{2}(197)","!2, 197","Not implemented","-1"
"99","{\rm M}_{12}","! 2,5","","1"
"99","{\rm M}_{22}","0, 3, 11","","1"
"99","3.{\rm M}_{22}","0,7,11","z3","0"
"99","A_{100}","!2, 5","","1"
"99","A_{101}","101","","1"
"99","{\rm PSL}_{2}(197)","!2, 197","Not implemented","1"
"99","{\rm PSL}_{2}(199)","!199","Not implemented","0"
"100","A_{11}","2","","1"
"100","A_{12}","2","","1"
"100","{\rm PSU}_{5}(2)","3","","1"
"100","A_{101}","!101","","1"
"100","A_{102}","2, 3, 17","","1"
"100","{\rm PSL}_{2}(101)","!101","Not implemented","1"
"100","2.{\rm PSL}_{2}(101)","!101","Not implemented","-1"
"100","2.{\rm PSL}_{2}(199)","!199, 2","Not implemented","0"
"101","A_{9}","7","","1"
"101","A_{10}","7","","1"
"101","{\rm J}_2","7","","1"
"101","{\rm He}","2","b7","0"
"101","A_{102}","!2, 3, 17","","1"
"101","A_{103}","103","","1"
"101","{\rm PSL}_{2}(101)","!2, 3, 17, 101","Not implemented","1"
"102","A_{103}","!103","","1"
"102","A_{104}","2, 13","","1"
"102","{\rm PSL}_{2}(101)","!5, 101","Not implemented","1"
"102","2.{\rm PSL}_{2}(101)","!2, 101","Not implemented","-1"
"102","{\rm PSL}_{2}(103)","!103","Not implemented","1"
"102","2.{\rm PSL}_{2}(103)","!2, 103","Not implemented","-1"
"103","A_{16}","3, 5","","1"
"103","A_{17}","3,5","","1"
"103","G_{2}(3)","7","","1"
"103","A_{104}","!2, 13","","1"
"103","A_{105}","3, 5, 7","","1"
"103","{\rm PSL}_{2}(103)","!2, 13, 103","Not implemented","1"
"104","2.A_{9}","3","","1"
"104","A_{16}","0,11,13","","1"
"104","{\rm PSU}_{3}(5)","2","","-1"
"104","{\rm PSU}_{4}(5)","2","","-1"
"104","{\rm PSU}_{4}(5)","3","","1"
"104","{\rm PSU}_{4}(5)","! 3,5","z3","0"
"104","2.{\rm PSU}_{4}(5)","0,7,13","z3","0"
"104","2.{\rm PSU}_{4}(5)","! 2,5","","-1"
"104","{\rm PSp}_{4}(5)","! 5","","1"
"104","2.{\rm PSp}_{4}(5)","0,13","","-1"
"104","2.{\rm PSp}_{6}(2)","3, 5","","1"
"104","{\rm O}_{7}(3)","2","","1"
"104","2.{\rm O}_{8}^+(2)","3, 5","","1"
"104","2.Sz(8)","0,13","","1"
"104","G_{2}(3)","0,13","","1"
"104","2.G_{2}(4)","! 2,5","b5","-1"
"104","{\rm M}_{23}","3","b11, b23","0"
"104","{\rm McL}","3","b11","0"
"104","{\rm He}","5","r21","1"
"104","A_{105}","!3, 5, 7","","1"
"104","A_{106}","2, 53","","1"
"104","{\rm PSL}_{2}(103)","!103","Not implemented","1"
"104","2.{\rm PSL}_{2}(103)","!103, 2","Not implemented","-1"
"105","A_{9}","! 2,3","","1"
"105","A_{16}","! 2","","1"
"105","A_{17}","17","","1"
"105","{\rm PSU}_{3}(5)","0,7","","1"
"105","3.{\rm PSU}_{3}(5)","0,7","z3","0"
"105","3_1.{\rm PSU}_{4}(3)","! 2,3","z3","0"
"105","{\rm PSU}_{4}(5)","0,7,13","","1"
"105","{\rm PSp}_{6}(2)","! 2,3","","1"
"105","{\rm PSp}_{6}(3)","! 2,3","","1"
"105","{\rm O}_{7}(3)","! 2,3","","1"
"105","3.{\rm M}_{22}","0,5,7","z3, b11","0"
"105","A_{106}","!2, 53","","1"
"105","A_{107}","107","","1"
"105","{\rm PSL}_{2}(211)","!211","Not implemented","0"
"106","{\rm J}_1","11","b5, c19","1"
"106","A_{107}","!107","","1"
"106","A_{108}","2, 3","","1"
"106","{\rm PSL}_{2}(107)","!107","Not implemented","1"
"106","2.{\rm PSL}_{2}(107)","!2, 107","Not implemented","-1"
"106","2.{\rm PSL}_{2}(211)","!211, 2","Not implemented","0"
"107","A_{108}","!2, 3","","1"
"107","A_{109}","109","","1"
"107","{\rm PSL}_{2}(107)","!2, 3, 107","Not implemented","1"
"108","2.{\rm M}_{12}","11","","1"
"108","A_{109}","!109","","1"
"108","A_{110}","2, 5, 11","","1"
"108","{\rm PSL}_{2}(107)","!53, 107","Not implemented","1"
"108","2.{\rm PSL}_{2}(107)","!53, 107, 2","Not implemented","-1"
"108","{\rm PSL}_{2}(109)","!109","Not implemented","1"
"108","2.{\rm PSL}_{2}(109)","!109","Not implemented","-1"
"109","A_{11}","3","","1"
"109","{}^{2}F_{4}(2)'","5","r2, r3, b13","1"
"109","A_{110}","!2, 5, 11","","1"
"109","A_{111}","3, 37","","1"
"109","{\rm PSL}_{2}(109)","!2, 5, 11, 109","Not implemented","1"
"110","A_{11}","0,5,11","","1"
"110","{\rm PSU}_{3}(11)","! 11","","-1"
"110","{\rm PSU}_{5}(2)","! 2","","-1"
"110","{\rm PSU}_{5}(2)","! 2,3","z3","0"
"110","2.{\rm M}_{12}","! 2,3","i2","0"
"110","{\rm J}_3","19","b17, y9","1"
"110","{\rm Suz}","2","b5, b13, r21","1"
"110","A_{111}","!3, 37","","1"
"110","A_{112}","2, 7","","1"
"110","{\rm PSL}_{2}(109)","!3, 109","Not implemented","1"
"110","2.{\rm PSL}_{2}(109)","!2, 109","Not implemented","-1"
"111","{\rm PSU}_{3}(11)","! 2,11","","1"
"111","{\rm PSU}_{3}(11)","! 2,11","i1","0"
"111","3.{\rm PSU}_{3}(11)","! 3,11","z3","0"
"111","3.{\rm PSU}_{3}(11)","0,5,37","z12","0"
"111","{\rm Ly}","5","","1"
"111","A_{112}","!2, 7","","1"
"111","A_{113}","113","","1"
"111","{\rm PSL}_{2}(223)","!223","Not implemented","0"
"112","2.A_{9}","0,7","","1"
"112","2.{\rm PSp}_{6}(2)","0,7","","1"
"112","2.{\rm O}_{8}^+(2)","0,7","","1"
"112","{\rm J}_{4}","2","","1"
"112","A_{113}","!113","","1"
"112","A_{114}","2, 3, 19","","1"
"112","{\rm PSL}_{2}(113)","!113","Not implemented","1"
"112","2.{\rm PSL}_{2}(113)","!113","Not implemented","-1"
"112","2.{\rm PSL}_{2}(223)","!223, 2","Not implemented","0"
"113","A_{114}","!2, 3, 19","","1"
"113","A_{115}","5, 23","","1"
"113","{\rm PSL}_{2}(113)","!2, 3, 19, 113","Not implemented","1"
"113","{\rm PSL}_{2}(227)","!227","Not implemented","0"
"114","6_1.{\rm PSU}_{4}(3)","7","z3","0"
"114","A_{115}","!5, 23","","1"
"114","A_{116}","2, 29","","1"
"114","{\rm PSL}_{2}(113)","!113","Not implemented","1"
"114","2.{\rm PSL}_{2}(113)","!2, 113","Not implemented","-1"
"114","2.{\rm PSL}_{2}(227)","!227, 2","Not implemented","0"
"114","{\rm PSL}_{2}(229)","2","Not implemented","-1"
"114","2.{\rm PSL}_{2}(229)","!2, 229","Not implemented","-1"
"115","A_{9}","7","","1"
"115","A_{116}","!2, 29","","1"
"115","A_{117}","3, 13","","1"
"115","{\rm PSL}_{2}(229)","!2, 229","Not implemented","1"
"116","A_{117}","!3, 13","","1"
"116","A_{118}","2, 59","","1"
"116","{\rm PSL}_{2}(233)","2","Not implemented","-1"
"116","2.{\rm PSL}_{2}(233)","!2, 233","Not implemented","-1"
"117","A_{118}","!2, 59","","1"
"117","A_{119}","7, 17","","1"
"117","{\rm PSL}_{2}(233)","!2, 233","Not implemented","1"
"118","A_{17}","2","","1"
"118","A_{18}","2","","1"
"118","{\rm PSp}_{8}(2)","3,5","","1"
"118","A_{119}","!7, 17","","1"
"118","A_{120}","2, 3, 5","","1"
"119","A_{17}","! 2,3,5","","1"
"119","{\rm PSL}_{5}(3)","11","","1"
"119","{\rm PSU}_{5}(2)","11","","1"
"119","{\rm PSp}_{8}(2)","0,7,17","","1"
"119","{\rm J}_1","11","c19","1"
"119","A_{120}","!2, 3, 5","","1"
"119","A_{121}","11","","1"
"119","{\rm PSL}_{2}(239)","!239","Not implemented","0"
"120","A_{9}","0,5","","1"
"120","2.A_{9}","0,5","z3","0"
"120","A_{11}","! 2,11","","1"
"120","A_{12}","3","","1"
"120","A_{17}","! 2,17","","1"
"120","A_{18}","3","","1"
"120","12_1.{\rm PSL}_{3}(4)","0,5","z12","0"
"120","{\rm PSL}_{5}(3)","! 3,11","","1"
"120","{\rm PSU}_{4}(3)","2","","1"
"120","2.{\rm PSU}_{4}(3)","! 2,3","","1"
"120","4.{\rm PSU}_{4}(3)","! 2,3","i1","0"
"120","6_1.{\rm PSU}_{4}(3)","0,5","z3","0"
"120","12_1.{\rm PSU}_{4}(3)","! 2,3","z12","0"
"120","{\rm PSU}_{5}(2)","0,5","","1"
"120","2.{\rm PSU}_{6}(2)","3","","1"
"120","6.{\rm PSU}_{6}(2)","! 2,3","z3","0"
"120","{\rm PSp}_{6}(2)","0,5","","1"
"120","2.{\rm PSp}_{6}(2)","! 2,3","","1"
"120","{\rm M}_{12}","0,5","","1"
"120","2.{\rm M}_{12}","0,5","","1"
"120","2.{\rm M}_{22}","! 2,11","","1"
"120","6.{\rm M}_{22}","0,5,11","z3","0"
"120","12.{\rm M}_{22}","! 2,3","z24","0"
"120","{\rm M}_{23}","2","","1"
"120","{\rm M}_{24}","2","","1"
"120","{\rm J}_1","! 11,19","c19","1"
"120","2.{\rm HS}","5","i1","-1"
"120","A_{121}","!11","","1"
"120","A_{122}","2, 61","","1"
"120","{\rm PSL}_{2}(121)","!11","Not implemented","1"
"120","2.{\rm PSL}_{2}(121)","!61, 11","Not implemented","-1"
"120","2.{\rm PSL}_{2}(239)","!239, 2","Not implemented","0"
"120","{\rm PSL}_{2}(241)","2","Not implemented","-1"
"120","2.{\rm PSL}_{2}(241)","!2, 241","Not implemented","-1"
"121","{\rm PSL}_{5}(3)","! 2,3","","1"
"121","{\rm PSp}_{10}(3)","! 3","z3","0"
"121","A_{122}","!2, 61","","1"
"121","A_{123}","3, 41","","1"
"121","{\rm PSL}_{2}(243)","!3","Not implemented","0"
"121","{\rm PSL}_{2}(121)","!2, 61, 11","Not implemented","1"
"121","{\rm PSL}_{2}(241)","!2, 241","Not implemented","1"
"122","2.{\rm PSp}_{10}(3)","! 2,3","z3","0"
"122","A_{123}","!3, 41","","1"
"122","A_{124}","2, 31","","1"
"122","2.{\rm PSL}_{2}(243)","!3, 2","Not implemented","0"
"122","{\rm PSL}_{2}(121)","!11","Not implemented","1"
"122","2.{\rm PSL}_{2}(121)","!2, 11","Not implemented","-1"
"123","{\rm PSL}_{5}(2)","5","","1"
"123","A_{124}","!2, 31","","1"
"123","A_{125}","5","","1"
"124","A_{10}","7","","1"
"124","{\rm PSL}_{3}(5)","! 5","","1"
"124","{\rm PSL}_{3}(5)","2","","-1"
"124","{\rm PSL}_{3}(5)","! 2,5","i1","0"
"124","{\rm PSL}_{3}(5)","0,31","y24'","0"
"124","{\rm PSL}_{5}(2)","0, 3, 31","","1"
"124","{\rm PSU}_{3}(5)","7","","1"
"124","Sz(32)","! 2","i1","0"
"124","G_{2}(5)","! 5","","1"
"124","{}^{2}F_{4}(2)'","3","b13","1"
"124","{\rm J}_2","7","","1"
"124","A_{125}","!5","","1"
"124","A_{126}","2, 3, 7","","1"
"124","{\rm PSL}_{2}(125)","!5","Not implemented","1"
"124","2.{\rm PSL}_{2}(125)","!5","Not implemented","-1"
"125","{\rm PSL}_{3}(5)","0","","1"
"125","{\rm PSL}_{7}(2)","127","","1"
"125","{\rm PSU}_{3}(5)","0","","1"
"125","A_{126}","!2, 3, 7","","1"
"125","A_{127}","127","","1"
"125","{\rm PSL}_{2}(125)","!2, 3, 7, 5","Not implemented","1"
"125","{\rm PSL}_{2}(251)","!251","Not implemented","0"
"126","A_{10}","! 2,5","","1"
"126","A_{11}","11","","1"
"126","A_{11}","! 2,11","b11","0"
"126","A_{12}","3","b11,i35","0"
"126","{\rm PSL}_{7}(2)","! 2,127","","1"
"126","{\rm PSU}_{3}(5)","! 2,5","","1"
"126","{\rm PSU}_{3}(5)","! 2,5","i2","0"
"126","3.{\rm PSU}_{3}(5)","0,7","z3","0"
"126","3.{\rm PSU}_{3}(5)","0,7","z3, i2","0"
"126","3_2.{\rm PSU}_{4}(3)","! 2,3","z3","0"
"126","6_1.{\rm PSU}_{4}(3)","! 2,3","z3","0"
"126","6_2.{\rm PSU}_{4}(3)","! 2,3","z3","0"
"126","6_2.{\rm PSU}_{4}(3)","! 2,3","z12","0"
"126","{\rm PSp}_{4}(7)","2","","1"
"126","{\rm PSp}_{4}(7)","! 2,7","","1"
"126","2.{\rm M}_{22}","11","","1"
"126","2.{\rm M}_{22}","! 2,11","b11","0"
"126","6.{\rm M}_{22}","0, 5, 7","z3, b11","0"
"126","{\rm J}_2","0,7","","1"
"126","2.{\rm J}_2","! 2,5","b5","-1"
"126","3.{\rm J}_3","2","z3, b17, b19","0"
"126","3.{\rm McL}","11","z3","0"
"126","3.{\rm McL}","! 3,11","z3, b11","0"
"126","{\rm Co}_{3}","3","i5, b11, b23","0"
"126","A_{127}","!127","","1"
"126","A_{128}","2","","1"
"126","{\rm PSL}_{2}(125)","!31, 5","Not implemented","1"
"126","2.{\rm PSL}_{2}(125)","!2, 5","Not implemented","-1"
"126","{\rm PSL}_{2}(127)","!127","Not implemented","1"
"126","2.{\rm PSL}_{2}(127)","!2, 127","Not implemented","-1"
"126","2.{\rm PSL}_{2}(251)","!251, 2","Not implemented","0"
"127","A_{128}","!2","","1"
"127","A_{129}","3, 43","","1"
"127","{\rm PSL}_{2}(128)","!2","Not implemented","1"
"127","{\rm PSL}_{2}(127)","!2, 127","Not implemented","1"
"128","2.A_{11}","11","","1"
"128","2.A_{12}","11","","1"
"128","2.A_{16}","! 2","","1"
"128","A_{17}","2","b17","1"
"128","2.A_{17}","17","","1"
"128","2.A_{17}","! 2,17","b17","1"
"128","2.A_{18}","3","r2, r5, r14, b17, b65, b77","1"
"128","A_{129}","!3, 43","","1"
"128","A_{130}","2, 5, 13","","1"
"128","{\rm PSL}_{2}(128)","!3, 43, 2","Not implemented","1"
"128","{\rm PSL}_{2}(127)","!127","Not implemented","1"
"128","2.{\rm PSL}_{2}(127)","!127, 2","Not implemented","-1"
"128","{\rm PSL}_{2}(257)","2","Not implemented","-1"
"128","2.{\rm PSL}_{2}(257)","!2, 257","Not implemented","-1"
"129","A_{130}","!2, 5, 13","","1"
"129","A_{131}","131","","1"
"129","{\rm PSL}_{2}(128)","!127, 2","Not implemented","1"
"129","{\rm PSL}_{2}(257)","!2, 257","Not implemented","1"
"130","{\rm PSp}_{4}(5)","0,13","","1"
"130","A_{131}","!131","","1"
"130","A_{132}","2, 3, 11","","1"
"130","{\rm PSL}_{2}(131)","!131","Not implemented","1"
"130","2.{\rm PSL}_{2}(131)","!2, 131","Not implemented","-1"
"131","A_{11}","3,7","","1"
"131","A_{12}","3,7","","1"
"131","{\rm PSL}_{3}(11)","7,19","","1"
"131","A_{132}","!2, 3, 11","","1"
"131","A_{133}","7, 19","","1"
"131","{\rm PSL}_{2}(131)","!2, 3, 11, 131","Not implemented","1"
"131","{\rm PSL}_{2}(263)","!263","Not implemented","0"
"132","A_{11}","0,11","","1"
"132","A_{12}","0,11","","1"
"132","{\rm PSL}_{3}(11)","0,2,3,5","","1"
"132","12_1.{\rm PSU}_{4}(3)","5","z12","0"
"132","{\rm HS}","2","","-1"
"132","{\rm HN}","2","b5","-1"
"132","A_{133}","!7, 19","","1"
"132","A_{134}","2, 67","","1"
"132","{\rm PSL}_{2}(131)","!131","Not implemented","1"
"132","2.{\rm PSL}_{2}(131)","!131, 2","Not implemented","-1"
"132","2.{\rm PSL}_{2}(263)","!263, 2","Not implemented","0"
"133","A_{9}","5","","1"
"133","A_{10}","5","r21","1"
"133","A_{11}","5","r21","1"
"133","{\rm PSL}_{3}(11)","! 2,11","","1"
"133","{\rm PSL}_{3}(11)","! 5,11","z5","-1"
"133","{\rm PSU}_{3}(8)","! 2","","1"
"133","{\rm PSp}_{6}(2)","5","","1"
"133","{\rm M}_{22}","5","","1"
"133","{\rm J}_1","! 2,11","","1"
"133","{\rm J}_1","0,7,19","b5","1"
"133","{\rm J}_2","3","","1"
"133","{\rm HS}","5","","1"
"133","{\rm Ru}","5","","1"
"133","{\rm HN}","5","","1"
"133","{\rm HN}","! 2,5","b5","1"
"133","A_{134}","!2, 67","","1"
"133","A_{135}","3, 5","","1"
"134","A_{9}","5","","1"
"134","A_{18}","17","","1"
"134","A_{19}","17","","1"
"134","{\rm PSp}_{8}(2)","17","","1"
"134","A_{135}","!3, 5","","1"
"134","A_{136}","2, 17","","1"
"134","{\rm PSL}_{2}(269)","2","Not implemented","-1"
"134","2.{\rm PSL}_{2}(269)","!2, 269","Not implemented","-1"
"135","A_{18}","! 2,17","","1"
"135","{\rm PSp}_{8}(2)","! 2,17","","1"
"135","A_{136}","!2, 17","","1"
"135","A_{137}","137","","1"
"135","{\rm PSL}_{2}(269)","!2, 269","Not implemented","1"
"135","{\rm PSL}_{2}(271)","!271","Not implemented","0"
"136","A_{18}","! 2,3","","1"
"136","A_{19}","19","","1"
"136","A_{137}","!137","","1"
"136","A_{138}","2, 3, 23","","1"
"136","{\rm PSL}_{2}(137)","!137","Not implemented","1"
"136","2.{\rm PSL}_{2}(137)","!137","Not implemented","-1"
"136","2.{\rm PSL}_{2}(271)","!271, 2","Not implemented","0"
"137","A_{138}","!2, 3, 23","","1"
"137","A_{139}","139","","1"
"137","{\rm PSL}_{2}(137)","!2, 3, 23, 137","Not implemented","1"
"138","A_{139}","!139","","1"
"138","A_{140}","2, 5, 7","","1"
"138","{\rm PSL}_{2}(137)","!137","Not implemented","1"
"138","2.{\rm PSL}_{2}(137)","!2, 137","Not implemented","-1"
"138","{\rm PSL}_{2}(139)","!139","Not implemented","1"
"138","2.{\rm PSL}_{2}(139)","!2, 139","Not implemented","-1"
"138","{\rm PSL}_{2}(277)","2","Not implemented","-1"
"138","2.{\rm PSL}_{2}(277)","!2, 277","Not implemented","-1"
"139","A_{140}","!2, 5, 7","","1"
"139","A_{141}","3, 47","","1"
"139","{\rm PSL}_{2}(139)","!2, 5, 7, 139","Not implemented","1"
"139","{\rm PSL}_{2}(277)","!2, 277","Not implemented","1"
"140","{\rm PSU}_{4}(3)","! 2,3","","1"
"140","4.{\rm PSU}_{4}(3)","! 2,3","i1","0"
"140","A_{141}","!3, 47","","1"
"140","A_{142}","2, 71","","1"
"140","{\rm PSL}_{2}(139)","!139","Not implemented","1"
"140","2.{\rm PSL}_{2}(139)","!139, 2","Not implemented","-1"
"140","{\rm PSL}_{2}(281)","2","Not implemented","-1"
"140","2.{\rm PSL}_{2}(281)","!2, 281","Not implemented","-1"
"141","{\rm PSp}_{6}(2)","5","","1"
"141","A_{142}","!2, 71","","1"
"141","A_{143}","11, 13","","1"
"141","{\rm PSL}_{2}(281)","!2, 281","Not implemented","1"
"141","{\rm PSL}_{2}(283)","!283","Not implemented","0"
"142","{\rm Suz}","2","","1"
"142","A_{143}","!11, 13","","1"
"142","A_{144}","2, 3","","1"
"142","2.{\rm PSL}_{2}(283)","!283, 2","Not implemented","0"
"143","A_{12}","3","","1"
"143","A_{13}","3","","1"
"143","{\rm Suz}","! 2,3","","1"
"143","A_{144}","!2, 3","","1"
"143","A_{145}","5, 29","","1"
"144","A_{11}","2","","1"
"144","2.A_{11}","0,3,7","","1"
"144","A_{12}","5","","1"
"144","A_{12}","2","i35, z3","0"
"144","2.A_{12}","3","i2, i5, r7","0"
"144","A_{13}","5","","1"
"144","A_{13}","2","i35, z3","0"
"144","2.A_{13}","3","i2, i5, r7","0"
"144","{\rm PSU}_{3}(5)","! 5,7","b7","0"
"144","3.{\rm PSU}_{3}(5)","0, 2","z3, b7","0"
"144","{\rm PSp}_{4}(17)","2","b17","-1"
"144","2.{\rm PSp}_{4}(17)","! 2,17","b17","-1"
"144","{\rm M}_{12}","0, 2","","1"
"144","4.{\rm M}_{22}","7","i1","0"
"144","4.{\rm M}_{22}","0,3,11","i1, r7","0"
"144","12.{\rm M}_{22}","7","z12","0"
"144","12.{\rm M}_{22}","0,5,11","z12, b7","0"
"144","A_{145}","!5, 29","","1"
"144","A_{146}","2, 73","","1"
"144","{\rm PSL}_{2}(289)","2","Not implemented","-1"
"144","2.{\rm PSL}_{2}(289)","!2, 17","Not implemented","-1"
"145","{\rm PSp}_{4}(17)","! 2,17","b17","1"
"145","A_{146}","!2, 73","","1"
"145","A_{147}","3, 7","","1"
"145","{\rm PSL}_{2}(289)","!2, 17","Not implemented","1"
"146","A_{147}","!3, 7","","1"
"146","A_{148}","2, 37","","1"
"146","{\rm PSL}_{2}(293)","2","Not implemented","-1"
"146","2.{\rm PSL}_{2}(293)","!2, 293","Not implemented","-1"
"147","{\rm O}_{8}^+(2)","3","","1"
"147","A_{148}","!2, 37","","1"
"147","A_{149}","149","","1"
"147","{\rm PSL}_{2}(293)","!2, 293","Not implemented","1"
"148","A_{149}","!149","","1"
"148","A_{150}","2, 3, 5","","1"
"148","{\rm PSL}_{2}(149)","!149","Not implemented","1"
"148","2.{\rm PSL}_{2}(149)","!149","Not implemented","-1"
"149","A_{150}","!2, 3, 5","","1"
"149","A_{151}","151","","1"
"149","{\rm PSL}_{2}(149)","!2, 3, 5, 149","Not implemented","1"
"150","3_1.{\rm PSU}_{4}(3)","2","z3, b7","0"
"150","{\rm PSp}_{4}(7)","! 2,7","b7","0"
"150","A_{151}","!151","","1"
"150","A_{152}","2, 19","","1"
"150","{\rm PSL}_{2}(149)","!37, 149","Not implemented","1"
"150","2.{\rm PSL}_{2}(149)","!2, 149","Not implemented","-1"
"150","{\rm PSL}_{2}(151)","!151","Not implemented","1"
"150","2.{\rm PSL}_{2}(151)","!2, 151","Not implemented","-1"
"151","A_{19}","3","","1"
"151","A_{20}","3","","1"
"151","A_{152}","!2, 19","","1"
"151","A_{153}","3, 17","","1"
"151","{\rm PSL}_{2}(151)","!2, 19, 151","Not implemented","1"
"152","2.A_{10}","7","","1"
"152","A_{19}","! 3,17","","1"
"152","A_{20}","2","","1"
"152","{\rm PSL}_{3}(7)","! 3,7","","1"
"152","2.{\rm O}_{8}^+(2)","7","","1"
"152","A_{153}","!3, 17","","1"
"152","A_{154}","2, 7, 11","","1"
"152","{\rm PSL}_{2}(151)","!151","Not implemented","1"
"152","2.{\rm PSL}_{2}(151)","!151, 2","Not implemented","-1"
"153","A_{12}","5","","1"
"153","A_{19}","! 2,19","","1"
"153","A_{20}","5","","1"
"153","3_2.{\rm PSU}_{4}(3)","5","z3","0"
"153","{\rm PSp}_{4}(4)","! 2","","1"
"153","{\rm O}_{10}^-(2)","3, 5","","1"
"153","3.{\rm M}_{22}","5","z3","0"
"153","{\rm J}_3","3","b5","1"
"153","3.{\rm J}_3","5","z3","0"
"153","3.{\rm J}_3","! 3,5","z3, b5","0"
"153","3.{\rm McL}","5","z3, b7","0"
"153","{\rm He}","7","","1"
"153","{\rm He}","! 2,7","b7","0"
"153","3.{\rm {\rm O'N}}","2","z3","0"
"153","A_{154}","!2, 7, 11","","1"
"153","A_{155}","5, 31","","1"
"153","{\rm PSL}_{2}(307)","!307","Not implemented","0"
"154","A_{12}","0,7,11","","1"
"154","{\rm PSL}_{4}(5)","2, 3, 13","","1"
"154","{\rm O}_{8}^-(2)","3","","1"
"154","{\rm O}_{10}^-(2)","! 2,3,5","","1"
"154","{\rm M}_{22}","0,7,11","","1"
"154","2.{\rm M}_{22}","! 2,5","i1","0"
"154","{\rm HS}","! 2,5","","1"
"154","{\rm O'N}","3","r7","1"
"154","A_{155}","!5, 31","","1"
"154","A_{156}","2, 3, 13","","1"
"154","2.{\rm PSL}_{2}(307)","!307, 2","Not implemented","0"
"155","A_{10}","5","","1"
"155","A_{11}","7","","1"
"155","{\rm PSL}_{3}(5)","0,31","","1"
"155","{\rm PSL}_{3}(5)","0,31","i1","0"
"155","{\rm PSL}_{4}(5)","0,31","","1"
"155","{\rm PSL}_{5}(2)","! 2","","1"
"155","{\rm PSp}_{10}(2)","! 2","","1"
"155","{\rm O}_{10}^+(2)","! 2","","1"
"155","A_{156}","!2, 3, 13","","1"
"155","A_{157}","157","","1"
"155","{\rm PSL}_{2}(311)","!311","Not implemented","0"
"156","2.{\rm PSL}_{4}(5)","! 2,5","","1"
"156","4.{\rm PSL}_{4}(5)","! 2,5","i1","0"
"156","{\rm PSU}_{3}(13)","! 13","","-1"
"156","{\rm PSp}_{4}(5)","! 2,5","","1"
"156","2.{\rm PSp}_{4}(5)","! 2,5","","-1"
"156","A_{157}","!157","","1"
"156","A_{158}","2, 79","","1"
"156","{\rm PSL}_{2}(157)","!157","Not implemented","1"
"156","2.{\rm PSL}_{2}(157)","!79, 157","Not implemented","-1"
"156","2.{\rm PSL}_{2}(311)","!311, 2","Not implemented","0"
"156","{\rm PSL}_{2}(313)","2","Not implemented","-1"
"156","2.{\rm PSL}_{2}(313)","!2, 313","Not implemented","-1"
"157","{\rm PSU}_{3}(13)","! 2,13","","1"
"157","{\rm PSU}_{3}(13)","! 7,13","z7","-1"
"157","A_{158}","!2, 79","","1"
"157","A_{159}","3, 53","","1"
"157","{\rm PSL}_{2}(157)","!2, 79, 157","Not implemented","1"
"157","{\rm PSL}_{2}(313)","!2, 313","Not implemented","1"
"158","A_{159}","!3, 53","","1"
"158","A_{160}","2, 5","","1"
"158","{\rm PSL}_{2}(157)","!157","Not implemented","1"
"158","2.{\rm PSL}_{2}(157)","!2, 157","Not implemented","-1"
"158","{\rm PSL}_{2}(317)","2","Not implemented","-1"
"158","2.{\rm PSL}_{2}(317)","!2, 317","Not implemented","-1"
"159","A_{160}","!2, 5","","1"
"159","A_{161}","7, 23","","1"
"159","{\rm PSL}_{2}(317)","!2, 317","Not implemented","1"
"160","A_{9}","2","","1"
"160","2.A_{9}","0,5","","1"
"160","A_{10}","! 3,7","","1"
"160","2.A_{10}","5","r6, r21","1"
"160","2.A_{12}","0,5,7","b11","-1"
"160","2.{\rm O}_{8}^+(2)","0,5","","1"
"160","2.{\rm M}_{12}","0, 5","b11","0"
"160","4.{\rm M}_{22}","11","i1","0"
"160","4.{\rm M}_{22}","! 2,11","i1, r11","0"
"160","{\rm J}_2","0, 2","","1"
"160","A_{161}","!7, 23","","1"
"160","A_{162}","2, 3","","1"
"161","A_{162}","!2, 3","","1"
"161","A_{163}","163","","1"
"162","A_{9}","0,3","","1"
"162","3.G_{2}(3)","2","z3, b13","0"
"162","A_{163}","!163","","1"
"162","A_{164}","2, 41","","1"
"162","{\rm PSL}_{2}(163)","!163","Not implemented","1"
"162","2.{\rm PSL}_{2}(163)","!2, 163","Not implemented","-1"
"163","A_{164}","!2, 41","","1"
"163","A_{165}","3, 5, 11","","1"
"163","{\rm PSL}_{2}(163)","!2, 41, 163","Not implemented","1"
"164","A_{11}","2","","-1"
"164","A_{12}","2","","-1"
"164","A_{165}","!3, 5, 11","","1"
"164","A_{166}","2, 83","","1"
"164","{\rm PSL}_{2}(163)","!3, 163","Not implemented","1"
"164","2.{\rm PSL}_{2}(163)","!3, 163, 2","Not implemented","-1"
"165","A_{11}","0,11","","1"
"165","A_{12}","! 2,3","","1"
"165","A_{13}","13","","1"
"165","{\rm PSU}_{5}(2)","! 2,3","","1"
"165","A_{166}","!2, 83","","1"
"165","A_{167}","167","","1"
"165","{\rm PSL}_{2}(331)","!331","Not implemented","0"
"166","A_{167}","!167","","1"
"166","A_{168}","2, 3, 7","","1"
"166","{\rm PSL}_{2}(167)","!167","Not implemented","1"
"166","2.{\rm PSL}_{2}(167)","!2, 167","Not implemented","-1"
"166","2.{\rm PSL}_{2}(331)","!331, 2","Not implemented","0"
"167","{\rm PSp}_{6}(3)","13","","1"
"167","{\rm O}_{7}(3)","13","","1"
"167","G_{2}(3)","13","","1"
"167","A_{168}","!2, 3, 7","","1"
"167","A_{169}","13","","1"
"167","{\rm PSL}_{2}(167)","!2, 3, 7, 167","Not implemented","1"
"168","A_{9}","0,7","","1"
"168","2.A_{9}","5","","1"
"168","2.A_{9}","0,7","i15","0"
"168","2.A_{10}","5","r21","1"
"168","{\rm PSp}_{6}(2)","! 2,3","","1"
"168","2.{\rm PSp}_{6}(2)","! 2,3","","1"
"168","{\rm PSp}_{6}(3)","! 3,13","","1"
"168","{\rm O}_{7}(3)","0, 5, 7","","1"
"168","2.{\rm O}_{8}^+(2)","5","","1"
"168","G_{2}(3)","0,7","","1"
"168","A_{169}","!13","","1"
"168","A_{170}","2, 5, 17","","1"
"168","{\rm PSL}_{2}(169)","!13","Not implemented","1"
"168","2.{\rm PSL}_{2}(169)","!13","Not implemented","-1"
"168","{\rm PSL}_{2}(167)","!83, 167","Not implemented","1"
"168","2.{\rm PSL}_{2}(167)","!83, 167, 2","Not implemented","-1"
"168","{\rm PSL}_{2}(337)","2","Not implemented","-1"
"168","2.{\rm PSL}_{2}(337)","!2, 337","Not implemented","-1"
"169","A_{20}","19","","1"
"169","A_{21}","19","","1"
"169","A_{170}","!2, 5, 17","","1"
"169","A_{171}","3, 19","","1"
"169","{\rm PSL}_{2}(169)","!2, 5, 17, 13","Not implemented","1"
"169","{\rm PSL}_{2}(337)","!2, 337","Not implemented","1"
"170","A_{20}","! 2,3,19","","1"
"170","{\rm PSU}_{9}(2)","! 2","","-1"
"170","A_{171}","!3, 19","","1"
"170","A_{172}","2, 43","","1"
"170","{\rm PSL}_{2}(169)","!13","Not implemented","1"
"170","2.{\rm PSL}_{2}(169)","!2, 13","Not implemented","-1"
"171","A_{20}","! 2,5","","1"
"171","A_{21}","3,7","","1"
"171","3.{\rm PSU}_{9}(2)","! 2,3","z3","0"
"171","{\rm PSp}_{6}(7)","! 7","b7","-1"
"171","{\rm O}_{8}^-(2)","7","","1"
"171","3._{3}","! 2,3","z3","0"
"171","3.{\rm J}_3","0,17,19","z3, b5","0"
"171","A_{172}","!2, 43","","1"
"171","A_{173}","173","","1"
"171","{\rm PSL}_{2}(343)","!7","Not implemented","0"
"172","2.{\rm PSp}_{6}(7)","! 2,7","b7","0"
"172","A_{173}","!173","","1"
"172","A_{174}","2, 3, 29","","1"
"172","2.{\rm PSL}_{2}(343)","!7, 2","Not implemented","0"
"172","{\rm PSL}_{2}(173)","!173","Not implemented","1"
"172","2.{\rm PSL}_{2}(173)","!173","Not implemented","-1"
"173","A_{174}","!2, 3, 29","","1"
"173","A_{175}","5, 7","","1"
"173","{\rm PSL}_{2}(173)","!2, 3, 29, 173","Not implemented","1"
"173","{\rm PSL}_{2}(347)","!347","Not implemented","0"
"174","{\rm PSp}_{4}(7)","2","","1"
"174","6.{\rm M}_{22}","11","z12","-1"
"174","{\rm HS}","11","","1"
"174","A_{175}","!5, 7","","1"
"174","A_{176}","2, 11","","1"
"174","{\rm PSL}_{2}(173)","!43, 173","Not implemented","1"
"174","2.{\rm PSL}_{2}(173)","!2, 173","Not implemented","-1"
"174","2.{\rm PSL}_{2}(347)","!347, 2","Not implemented","0"
"174","{\rm PSL}_{2}(349)","2","Not implemented","-1"
"174","2.{\rm PSL}_{2}(349)","!2, 349","Not implemented","-1"
"175","{\rm PSp}_{4}(7)","! 2,7","","1"
"175","{\rm O}_{8}^+(2)","! 2,3","","1"
"175","{\rm J}_2","! 2,3","","1"
"175","{\rm HS}","0,5,7","","1"
"175","A_{176}","!2, 11","","1"
"175","A_{177}","3, 59","","1"
"175","{\rm PSL}_{2}(349)","!2, 349","Not implemented","1"
"176","{\rm PSU}_{5}(2)","! 2,3","","1"
"176","2.{\rm PSU}_{6}(2)","! 2,3","","1"
"176","{\rm M}_{12}","0,11","","1"
"176","4.{\rm M}_{22}","0,11","i1","0"
"176","2.{\rm HS}","! 2,5","i1","0"
"176","2.{\rm Fi}_{22}","3","b13","1"
"176","A_{177}","!3, 59","","1"
"176","A_{178}","2, 89","","1"
"176","{\rm PSL}_{2}(353)","2","Not implemented","-1"
"176","2.{\rm PSL}_{2}(353)","!2, 353","Not implemented","-1"
"177","A_{178}","!2, 89","","1"
"177","A_{179}","179","","1"
"177","{\rm PSL}_{2}(353)","!2, 353","Not implemented","1"
"178","A_{179}","!179","","1"
"178","A_{180}","2, 3, 5","","1"
"178","{\rm PSL}_{2}(179)","!179","Not implemented","1"
"178","2.{\rm PSL}_{2}(179)","!2, 179","Not implemented","-1"
"179","A_{180}","!2, 3, 5","","1"
"179","A_{181}","181","","1"
"179","{\rm PSL}_{2}(179)","!2, 3, 5, 179","Not implemented","1"
"179","{\rm PSL}_{2}(359)","!359","Not implemented","0"
"180","{\rm PSp}_{4}(19)","2","b19","0"
"180","2.{\rm PSp}_{4}(19)","! 2,19","b19","0"
"180","A_{181}","!181","","1"
"180","A_{182}","2, 7, 13","","1"
"180","{\rm PSL}_{2}(361)","2","Not implemented","-1"
"180","2.{\rm PSL}_{2}(361)","!2, 19","Not implemented","-1"
"180","{\rm PSL}_{2}(179)","!89, 179","Not implemented","1"
"180","2.{\rm PSL}_{2}(179)","!89, 179, 2","Not implemented","-1"
"180","{\rm PSL}_{2}(181)","!181","Not implemented","1"
"180","2.{\rm PSL}_{2}(181)","!181","Not implemented","-1"
"180","2.{\rm PSL}_{2}(359)","!359, 2","Not implemented","0"
"181","{\rm PSL}_{3}(13)","3, 61","","1"
"181","{\rm PSp}_{4}(19)","! 2,19","b19","0"
"181","A_{182}","!2, 7, 13","","1"
"181","A_{183}","3, 61","","1"
"181","{\rm PSL}_{2}(361)","!2, 19","Not implemented","1"
"181","{\rm PSL}_{2}(181)","!2, 7, 13, 181","Not implemented","1"
"182","{\rm PSL}_{3}(13)","0,2,7","","1"
"182","{\rm PSU}_{6}(3)","! 3","","-1"
"182","2.{\rm PSU}_{6}(3)","! 2,3","i1","0"
"182","2.{\rm PSp}_{6}(3)","! 2,3","","-1"
"182","2.{\rm PSp}_{6}(3)","! 2,3","z3","0"
"182","{\rm O}_{7}(3)","! 2,3","","1"
"182","G_{2}(3)","! 2,3","","1"
"182","A_{183}","!3, 61","","1"
"182","A_{184}","2, 23","","1"
"182","{\rm PSL}_{2}(181)","!181","Not implemented","1"
"182","2.{\rm PSL}_{2}(181)","!2, 181","Not implemented","-1"
"183","{\rm PSL}_{3}(13)","! 2,13","","1"
"183","{\rm PSL}_{3}(13)","! 2,13","i1","0"
"183","3.{\rm PSL}_{3}(13)","0, 7, 61","z12","0"
"183","3.{\rm PSL}_{3}(13)","! 3,13","z3","0"
"183","{\rm PSU}_{6}(3)","! 2,3","","1"
"183","A_{184}","!2, 23","","1"
"183","A_{185}","5, 37","","1"
"183","{\rm PSL}_{2}(367)","!367","Not implemented","0"
"184","A_{185}","!5, 37","","1"
"184","A_{186}","2, 3, 31","","1"
"184","2.{\rm PSL}_{2}(367)","!367, 2","Not implemented","0"
"185","{\rm O}_{10}^+(2)","3, 17","","1"
"185","A_{186}","!2, 3, 31","","1"
"185","A_{187}","11, 17","","1"
"186","A_{11}","2","","1"
"186","{\rm PSL}_{3}(5)","! 2,5","","1"
"186","{\rm PSp}_{10}(2)","3","","1"
"186","{\rm O}_{10}^+(2)","! 2,3,17","","1"
"186","{\rm O}_{10}^-(2)","3","","1"
"186","A_{187}","!11, 17","","1"
"186","A_{188}","2, 47","","1"
"186","{\rm PSL}_{2}(373)","2","Not implemented","-1"
"186","2.{\rm PSL}_{2}(373)","!2, 373","Not implemented","-1"
"187","{\rm PSp}_{10}(2)","! 2,3","","1"
"187","{\rm O}_{10}^-(2)","! 2,3","","1"
"187","A_{188}","!2, 47","","1"
"187","A_{189}","3, 7","","1"
"187","{\rm PSL}_{2}(373)","!2, 373","Not implemented","1"
"188","A_{11}","5","","1"
"188","A_{21}","2,5","","1"
"188","A_{22}","2,5","","1"
"188","{\rm PSU}_{4}(3)","5","","1"
"188","A_{189}","!3, 7","","1"
"188","A_{190}","2, 5, 19","","1"
"189","A_{9}","! 2,5","","1"
"189","A_{21}","! 2,5,19","","1"
"189","{\rm PSL}_{4}(4)","5","","1"
"189","{\rm PSL}_{4}(4)","! 2,5","b5","1"
"189","3.{\rm PSU}_{3}(8)","! 2,3","z3","0"
"189","{\rm PSU}_{4}(3)","0,7","","1"
"189","3_2.{\rm PSU}_{4}(3)","! 3,5","z3","0"
"189","{\rm PSp}_{6}(2)","! 2,5","","1"
"189","3.G_{2}(3)","13","z3","0"
"189","3.G_{2}(3)","0,7","z3,b13","0"
"189","{\rm J}_2","5","","1"
"189","{\rm J}_2","! 2,5","b5","1"
"189","A_{190}","!2, 5, 19","","1"
"189","A_{191}","191","","1"
"189","{\rm PSL}_{2}(379)","!379","Not implemented","0"
"190","A_{21}","! 2,3,7","","1"
"190","A_{22}","11","","1"
"190","{\rm M}_{22}","11","","1"
"190","2.{\rm J}_2","5","","-1"
"190","A_{191}","!191","","1"
"190","A_{192}","2, 3","","1"
"190","{\rm PSL}_{2}(191)","!191","Not implemented","1"
"190","2.{\rm PSL}_{2}(191)","!2, 191","Not implemented","-1"
"190","2.{\rm PSL}_{2}(379)","!379, 2","Not implemented","0"
"191","A_{192}","!2, 3","","1"
"191","A_{193}","193","","1"
"191","{\rm PSL}_{2}(191)","!2, 3, 191","Not implemented","1"
"191","{\rm PSL}_{2}(383)","!383","Not implemented","0"
"192","A_{193}","!193","","1"
"192","A_{194}","2, 97","","1"
"192","{\rm PSL}_{2}(191)","!191","Not implemented","1"
"192","2.{\rm PSL}_{2}(191)","!191, 2","Not implemented","-1"
"192","{\rm PSL}_{2}(193)","!193","Not implemented","1"
"192","2.{\rm PSL}_{2}(193)","!97, 193","Not implemented","-1"
"192","2.{\rm PSL}_{2}(383)","!383, 2","Not implemented","0"
"193","A_{194}","!2, 97","","1"
"193","A_{195}","3, 5, 13","","1"
"193","{\rm PSL}_{2}(193)","!2, 97, 193","Not implemented","1"
"194","{\rm PSp}_{6}(3)","7","","1"
"194","{\rm O}_{7}(3)","7","","1"
"194","A_{195}","!3, 5, 13","","1"
"194","A_{196}","2, 7","","1"
"194","{\rm PSL}_{2}(193)","!193","Not implemented","1"
"194","2.{\rm PSL}_{2}(193)","!2, 193","Not implemented","-1"
"194","{\rm PSL}_{2}(389)","2","Not implemented","-1"
"194","2.{\rm PSL}_{2}(389)","!2, 389","Not implemented","-1"
"195","{\rm PSp}_{6}(3)","0,5,13","","1"
"195","{\rm O}_{7}(3)","0, 5, 13","","1"
"195","A_{196}","!2, 7","","1"
"195","A_{197}","197","","1"
"195","{\rm PSL}_{2}(389)","!2, 389","Not implemented","1"
"196","A_{13}","5","","1"
"196","A_{14}","5","","1"
"196","{\rm PSp}_{4}(8)","! 2","","1"
"196","{\rm PSp}_{6}(2)","3","","1"
"196","{}^{3}D_{4}(2)","! 2","","1"
"196","A_{197}","!197","","1"
"196","A_{198}","2, 3, 11","","1"
"196","{\rm PSL}_{2}(197)","!197","Not implemented","1"
"196","2.{\rm PSL}_{2}(197)","!197","Not implemented","-1"
"197","A_{198}","!2, 3, 11","","1"
"197","A_{199}","199","","1"
"197","{\rm PSL}_{2}(197)","!2, 3, 11, 197","Not implemented","1"
"198","A_{10}","2","","1"
"198","A_{11}","2","","1"
"198","A_{199}","!199","","1"
"198","A_{200}","2, 5","","1"
"198","{\rm PSL}_{2}(197)","!7, 197","Not implemented","1"
"198","2.{\rm PSL}_{2}(197)","!2, 197","Not implemented","-1"
"198","{\rm PSL}_{2}(199)","!199","Not implemented","1"
"198","2.{\rm PSL}_{2}(199)","!2, 199","Not implemented","-1"
"198","{\rm PSL}_{2}(397)","2","Not implemented","-1"
"198","2.{\rm PSL}_{2}(397)","!2, 397","Not implemented","-1"
"199","A_{10}","7","","1"
"199","A_{11}","7","","1"
"199","{\rm J}_2","7","","1"
"199","A_{200}","!2, 5","","1"
"199","A_{201}","3, 67","","1"
"199","{\rm PSL}_{2}(199)","!2, 5, 199","Not implemented","1"
"199","{\rm PSL}_{2}(397)","!2, 397","Not implemented","1"
"200","A_{10}","2","","1"
"200","2.{\rm PSp}_{4}(7)","! 2,7","b7","o"
"200","A_{201}","!3, 67","","1"
"200","A_{202}","2, 101","","1"
"200","{\rm PSL}_{2}(199)","!199","Not implemented","1"
"200","2.{\rm PSL}_{2}(199)","!199, 2","Not implemented","-1"
"200","{\rm PSL}_{2}(401)","2","Not implemented","-1"
"200","2.{\rm PSL}_{2}(401)","!2, 401","Not implemented","-1"
"201","{\rm PSp}_{6}(2)","7","","1"
"201","A_{202}","!2, 101","","1"
"201","A_{203}","7, 29","","1"
"201","{\rm PSL}_{2}(401)","!2, 401","Not implemented","1"
"202","2.{\rm J}_2","5","","-1"
"202","A_{203}","!7, 29","","1"
"202","A_{204}","2, 3, 17","","1"
"203","{\rm PSp}_{8}(2)","3","","1"
"203","{\rm O}_{8}^-(2)","3, 5","","1"
"203","A_{204}","!2, 3, 17","","1"
"203","A_{205}","5, 41","","1"
"204","3_1.{\rm PSU}_{4}(3)","2","z3","0"
"204","{\rm PSU}_{5}(4)","! 2","","0"
"204","{\rm PSp}_{4}(4)","! 2,5","b5","1"
"204","{\rm O}_{8}^-(2)","! 2,3","","1"
"204","A_{205}","!5, 41","","1"
"204","A_{206}","2, 103","","1"
"204","{\rm PSL}_{2}(409)","2","Not implemented","-1"
"204","2.{\rm PSL}_{2}(409)","!2, 409","Not implemented","-1"
"205","5.{\rm PSU}_{5}(4)","! 5","z5","0"
"205","A_{206}","!2, 103","","1"
"205","A_{207}","3, 23","","1"
"205","{\rm PSL}_{2}(409)","!2, 409","Not implemented","1"
"206","A_{207}","!3, 23","","1"
"206","A_{208}","2, 13","","1"
"207","A_{13}","11","","1"
"207","{\rm PSp}_{4}(4)","17","","1"
"207","A_{208}","!2, 13","","1"
"207","A_{209}","11, 19","","1"
"208","A_{13}","! 3,5,11","","1"
"208","A_{14}","2","","1"
"208","A_{22}","3,7","","1"
"208","A_{23}","3,7","","1"
"208","{\rm PSL}_{4}(3)","2,5","","1"
"208","2.{\rm PSL}_{4}(3)","! 2,3","i2","0"
"208","{\rm PSp}_{4}(5)","! 5","b5","1"
"208","2.{\rm PSp}_{4}(5)","! 2,5","b5","-1"
"208","{\rm M}_{23}","7","","1"
"208","2.{\rm Suz}","3","","-1"
"208","A_{209}","!11, 19","","1"
"208","A_{210}","2, 3, 5, 7","","1"
"209","A_{22}","! 2,3,5,7","","1"
"209","{\rm J}_1","0, 11, 19","","1"
"209","A_{210}","!2, 3, 5, 7","","1"
"209","A_{211}","211","","1"
"209","{\rm PSL}_{2}(419)","!419","Not implemented","0"
"210","A_{10}","0,7","","1"
"210","A_{11}","! 2,11","","1"
"210","A_{12}","3","","1"
"210","A_{22}","! 2,11","","1"
"210","A_{23}","23","","1"
"210","{\rm PSU}_{4}(3)","! 2,3","","1"
"210","2.{\rm PSU}_{4}(3)","! 2,3","i1","0"
"210","3_1.{\rm PSU}_{4}(3)","! 2,3","z3","0"
"210","6_1.{\rm PSU}_{4}(3)","! 2,3","z3","0"
"210","{\rm PSU}_{6}(2)","3","","1"
"210","3.{\rm PSU}_{6}(2)","! 2,3","z3","0"
"210","{\rm PSp}_{6}(2)","! 2,3","","1"
"210","{\rm O}_{8}^+(2)","! 2,3","","1"
"210","{\rm M}_{22}","! 2,11","","1"
"210","2.{\rm M}_{22}","! 2,11","","1"
"210","3.{\rm M}_{22}","! 2,3","z3","0"
"210","6.{\rm M}_{22}","0,5,7","z3","0"
"210","6.{\rm M}_{22}","! 2,3","z12","0"
"210","{\rm M}_{23}","23","","1"
"210","{\rm HS}","5","","1"
"210","{\rm McL}","3,5","","1"
"210","A_{211}","!211","","1"
"210","A_{212}","2, 53","","1"
"210","{\rm PSL}_{2}(211)","!211","Not implemented","1"
"210","2.{\rm PSL}_{2}(211)","!2, 211","Not implemented","-1"
"210","2.{\rm PSL}_{2}(419)","!419, 2","Not implemented","0"
"210","{\rm PSL}_{2}(421)","2","Not implemented","-1"
"210","2.{\rm PSL}_{2}(421)","!2, 421","Not implemented","-1"
"211","A_{212}","!2, 53","","1"
"211","A_{213}","3, 71","","1"
"211","{\rm PSL}_{2}(211)","!2, 53, 211","Not implemented","1"
"211","{\rm PSL}_{2}(421)","!2, 421","Not implemented","1"
"212","A_{213}","!3, 71","","1"
"212","A_{214}","2, 107","","1"
"212","{\rm PSL}_{2}(211)","!211","Not implemented","1"
"212","2.{\rm PSL}_{2}(211)","!211, 2","Not implemented","-1"
"213","A_{214}","!2, 107","","1"
"213","A_{215}","5, 43","","1"
"214","{\rm J}_3","19","b17, y9","1"
"214","A_{215}","!5, 43","","1"
"214","A_{216}","2, 3","","1"
"215","A_{216}","!2, 3","","1"
"215","A_{217}","7, 31","","1"
"215","{\rm PSL}_{2}(431)","!431","Not implemented","0"
"216","A_{9}","0","","1"
"216","2.A_{10}","0,3","","1"
"216","12_1.{\rm PSU}_{4}(3)","0,7","z12","0"
"216","12_2.{\rm PSU}_{4}(3)","! 2,3","z12","0"
"216","{\rm PSp}_{6}(2)","0","","1"
"216","2.{\rm J}_2","0,3","","-1"
"216","A_{217}","!7, 31","","1"
"216","A_{218}","2, 109","","1"
"216","2.{\rm PSL}_{2}(431)","!431, 2","Not implemented","0"
"216","{\rm PSL}_{2}(433)","2","Not implemented","-1"
"216","2.{\rm PSL}_{2}(433)","!2, 433","Not implemented","-1"
"217","A_{10}","5","","1"
"217","{\rm PSL}_{5}(2)","! 2","","1"
"217","{\rm PSL}_{6}(2)","! 2","","1"
"217","A_{218}","!2, 109","","1"
"217","A_{219}","3, 73","","1"
"217","{\rm PSL}_{2}(433)","!2, 433","Not implemented","1"
"218","{}^{3}D_{4}(3)","2","","1"
"218","{}^{3}D_{4}(3)","73","","1"
"218","A_{219}","!3, 73","","1"
"218","A_{220}","2, 5, 11","","1"
"219","{}^{3}D_{4}(3)","! 2,3,73","","1"
"219","A_{220}","!2, 5, 11","","1"
"219","A_{221}","13, 17","","1"
"219","{\rm PSL}_{2}(439)","!439","Not implemented","0"
"220","A_{13}","! 2,13","","1"
"220","A_{14}","7","","1"
"220","{\rm PSU}_{4}(4)","5","","1"
"220","{\rm PSU}_{5}(2)","! 2,3","z3","0"
"220","{\rm M}_{23}","2","b7, b23","0"
"220","{\rm M}_{24}","2","b7, b23","0"
"220","2.{\rm Suz}","! 2,3","","-1"
"220","A_{221}","!13, 17","","1"
"220","A_{222}","2, 3, 37","","1"
"220","2.{\rm PSL}_{2}(439)","!439, 2","Not implemented","0"
"221","A_{12}","7","","1"
"221","A_{13}","7","","1"
"221","{\rm PSU}_{4}(4)","! 2","b5","1"
"221","A_{222}","!2, 3, 37","","1"
"221","A_{223}","223","","1"
"221","{\rm PSL}_{2}(443)","!443","Not implemented","0"
"222","A_{223}","!223","","1"
"222","A_{224}","2, 7","","1"
"222","{\rm PSL}_{2}(223)","!223","Not implemented","1"
"222","2.{\rm PSL}_{2}(223)","!2, 223","Not implemented","-1"
"222","2.{\rm PSL}_{2}(443)","!443, 2","Not implemented","0"
"223","{\rm PSp}_{4}(7)","5","","1"
"223","A_{224}","!2, 7","","1"
"223","A_{225}","3, 5","","1"
"223","{\rm PSL}_{2}(223)","!2, 7, 223","Not implemented","1"
"224","2.A_{9}","0,7","","1"
"224","A_{10}","! 2,5","","1"
"224","4.{\rm PSU}_{4}(3)","! 2,3","z12","0"
"224","{\rm PSp}_{4}(7)","! 2,5,7","","1"
"224","2.{\rm O}_{8}^+(2)","! 2,5","","1"
"224","{\rm J}_2","0,7","b5","1"
"224","A_{225}","!3, 5","","1"
"224","A_{226}","2, 113","","1"
"224","{\rm PSL}_{2}(223)","!223","Not implemented","1"
"224","2.{\rm PSL}_{2}(223)","!223, 2","Not implemented","-1"
"224","{\rm PSL}_{2}(449)","2","Not implemented","-1"
"224","2.{\rm PSL}_{2}(449)","!2, 449","Not implemented","-1"
"225","A_{10}","0,5","","1"
"225","{\rm PSp}_{4}(4)","! 2,17","d17","1"
"225","{\rm J}_2","! 2,7","","1"
"225","A_{226}","!2, 113","","1"
"225","A_{227}","227","","1"
"225","{\rm PSL}_{2}(449)","!2, 449","Not implemented","1"
"226","A_{227}","!227","","1"
"226","A_{228}","2, 3, 19","","1"
"226","{\rm PSL}_{2}(227)","!227","Not implemented","1"
"226","2.{\rm PSL}_{2}(227)","!2, 227","Not implemented","-1"
"227","A_{228}","!2, 3, 19","","1"
"227","A_{229}","229","","1"
"227","{\rm PSL}_{2}(227)","!2, 3, 19, 227","Not implemented","1"
"228","A_{229}","!229","","1"
"228","A_{230}","2, 5, 23","","1"
"228","{\rm PSL}_{2}(227)","!113, 227","Not implemented","1"
"228","2.{\rm PSL}_{2}(227)","!113, 227, 2","Not implemented","-1"
"228","{\rm PSL}_{2}(229)","!229","Not implemented","1"
"228","2.{\rm PSL}_{2}(229)","!229","Not implemented","-1"
"228","{\rm PSL}_{2}(457)","2","Not implemented","-1"
"228","2.{\rm PSL}_{2}(457)","!2, 457","Not implemented","-1"
"229","A_{23}","11","","1"
"229","A_{24}","11","","1"
"229","{\rm PSU}_{6}(2)","3","","1"
"229","{\rm M}_{23}","11","","1"
"229","{\rm M}_{24}","11","","1"
"229","A_{230}","!2, 5, 23","","1"
"229","A_{231}","3, 7, 11","","1"
"229","{\rm PSL}_{2}(229)","!2, 5, 23, 229","Not implemented","1"
"229","{\rm PSL}_{2}(457)","!2, 457","Not implemented","1"
"230","A_{23}","! 3,7,11","","1"
"230","A_{24}","2","","1"
"230","{\rm M}_{23}","0,5,23","","1"
"230","{\rm McL}","2,5","","1"
"230","{\rm Co}_{3}","2,5","","1"
"230","{\rm Co}_{2}","2","","1"
"230","A_{231}","!3, 7, 11","","1"
"230","A_{232}","2, 29","","1"
"230","{\rm PSL}_{2}(229)","!229","Not implemented","1"
"230","2.{\rm PSL}_{2}(229)","!2, 229","Not implemented","-1"
"230","{\rm PSL}_{2}(461)","2","Not implemented","-1"
"230","2.{\rm PSL}_{2}(461)","!2, 461","Not implemented","-1"
"231","A_{11}","0,7,11","","1"
"231","A_{23}","! 2,23","","1"
"231","A_{24}","3","","1"
"231","{\rm PSU}_{6}(2)","! 2,3","","1"
"231","3.{\rm PSU}_{6}(2)","! 2,3","z3","-1"
"231","{\rm M}_{22}","! 2,5","","1"
"231","3.{\rm M}_{22}","! 2,3","z3","-1"
"231","{\rm M}_{23}","! 2,23","","1"
"231","{\rm M}_{23}","! 2,3,5","i15","-1"
"231","{\rm M}_{24}","3,5","","1"
"231","{\rm M}_{24}","! 2,3,5","i15","-1"
"231","{\rm HS}","! 2,5","","1"
"231","{\rm McL}","0,7,11","","1"
"231","{\rm Co}_{3}","3","","1"
"231","A_{232}","!2, 29","","1"
"231","A_{233}","233","","1"
"231","{\rm PSL}_{2}(461)","!2, 461","Not implemented","1"
"231","{\rm PSL}_{2}(463)","!463","Not implemented","0"
"232","A_{233}","!233","","1"
"232","A_{234}","2, 3, 13","","1"
"232","{\rm PSL}_{2}(233)","!233","Not implemented","1"
"232","2.{\rm PSL}_{2}(233)","!233","Not implemented","-1"
"232","2.{\rm PSL}_{2}(463)","!463, 2","Not implemented","0"
"233","A_{13}","5","","1"
"233","A_{14}","5","","1"
"233","A_{234}","!2, 3, 13","","1"
"233","A_{235}","5, 47","","1"
"233","{\rm PSL}_{2}(233)","!2, 3, 13, 233","Not implemented","1"
"233","{\rm PSL}_{2}(467)","!467","Not implemented","0"
"234","{\rm PSL}_{4}(3)","0,13","","1"
"234","A_{235}","!5, 47","","1"
"234","A_{236}","2, 59","","1"
"234","{\rm PSL}_{2}(233)","!233","Not implemented","1"
"234","2.{\rm PSL}_{2}(233)","!2, 233","Not implemented","-1"
"234","2.{\rm PSL}_{2}(467)","!467, 2","Not implemented","0"
"235","A_{236}","!2, 59","","1"
"235","A_{237}","3, 79","","1"
"236","2.{\rm J}_2","3","","-1"
"236","A_{237}","!3, 79","","1"
"236","A_{238}","2, 7, 17","","1"
"237","A_{238}","!2, 7, 17","","1"
"237","A_{239}","239","","1"
"238","{\rm PSp}_{8}(2)","! 2,3","","1"
"238","A_{239}","!239","","1"
"238","A_{240}","2, 3, 5","","1"
"238","{\rm PSL}_{2}(239)","!239","Not implemented","1"
"238","2.{\rm PSL}_{2}(239)","!2, 239","Not implemented","-1"
"239","A_{240}","!2, 3, 5","","1"
"239","A_{241}","241","","1"
"239","{\rm PSL}_{2}(239)","!2, 3, 5, 239","Not implemented","1"
"239","{\rm PSL}_{2}(479)","!479","Not implemented","0"
"240","{\rm PSU}_{3}(16)","! 2","","-1"
"240","A_{241}","!241","","1"
"240","A_{242}","2, 11","","1"
"240","{\rm PSL}_{2}(239)","!239","Not implemented","1"
"240","2.{\rm PSL}_{2}(239)","!239, 2","Not implemented","-1"
"240","{\rm PSL}_{2}(241)","!241","Not implemented","1"
"240","2.{\rm PSL}_{2}(241)","!11, 241","Not implemented","-1"
"240","2.{\rm PSL}_{2}(479)","!479, 2","Not implemented","0"
"241","{\rm PSU}_{3}(16)","! 2,17","z17","0"
"241","A_{242}","!2, 11","","1"
"241","A_{243}","","","1"
"241","{\rm PSL}_{2}(241)","!2, 11, 241","Not implemented","1"
"242","A_{243}","!","","1"
"242","A_{244}","2, 61","","1"
"242","{\rm PSL}_{2}(243)","!3","Not implemented","1"
"242","2.{\rm PSL}_{2}(243)","!2, 3","Not implemented","-1"
"242","{\rm PSL}_{2}(241)","!241","Not implemented","1"
"242","2.{\rm PSL}_{2}(241)","!2, 241","Not implemented","-1"
"243","A_{244}","!2, 61","","1"
"243","A_{245}","5, 7","","1"
"243","{\rm PSL}_{2}(243)","!2, 61, 3","Not implemented","1"
"243","{\rm PSL}_{2}(487)","!487","Not implemented","0"
"244","{\rm J}_3","2","b17","1"
"244","A_{245}","!5, 7","","1"
"244","A_{246}","2, 3, 41","","1"
"244","{\rm PSL}_{2}(243)","!11, 3","Not implemented","1"
"244","2.{\rm PSL}_{2}(243)","!11, 3, 2","Not implemented","-1"
"244","2.{\rm PSL}_{2}(487)","!487, 2","Not implemented","0"
"245","{\rm O}_{8}^-(3)","13","","1"
"245","A_{246}","!2, 3, 41","","1"
"245","A_{247}","13, 19","","1"
"245","{\rm PSL}_{2}(491)","!491","Not implemented","0"
"246","{\rm O}_{8}^-(3)","! 3,13","","1"
"246","{}^{2}F_{4}(2)'","2","","1"
"246","{\rm He}","2","b17","1"
"246","A_{247}","!13, 19","","1"
"246","A_{248}","2, 31","","1"
"246","2.{\rm PSL}_{2}(491)","!491, 2","Not implemented","0"
"247","A_{248}","!2, 31","","1"
"247","A_{249}","3, 83","","1"
"248","{\rm PSL}_{4}(5)","2","","1"
"248","2.{\rm PSL}_{4}(5)","! 2,5","","1"
"248","{\rm PSp}_{4}(5)","2","b5","1"
"248","{\rm Th}","all","","1"
"248","A_{249}","!3, 83","","1"
"248","A_{250}","2, 5","","1"
"249","A_{250}","!2, 5","","1"
"249","A_{251}","251","","1"
"249","{\rm PSL}_{2}(499)","!499","Not implemented","0"
"250","A_{251}","!251","","1"
"250","A_{252}","2, 3, 7","","1"
"250","{\rm PSL}_{2}(251)","!251","Not implemented","1"
"250","2.{\rm PSL}_{2}(251)","!2, 251","Not implemented","-1"
"250","2.{\rm PSL}_{2}(499)","!499, 2","Not implemented","0"